ISO-10303-21;
HEADER;
/* Generated by software containing ST-Developer
 * from STEP Tools, Inc. (www.steptools.com) 
 */
/* OPTION: using custom renumber hook */

FILE_DESCRIPTION(
/* description */ ('STEP AP242 Edition 2',
'CAx-IF Rec.Pracs.---Representation and Presentation of Product Manufa
cturing Information (PMI)---4.0---2014-10-13',
'CAx-IF Rec.Pracs.---3D Tessellated Geometry---0.4---2014-09-14','2;1',
'CAx-IF Rec.Pracs.---User Defined Attributes---1.5---2016-08-15'),
/* implementation_level */ '2;1');

FILE_NAME(
/* name */ '69559262f4ffcb48da3bfb1e',
/* time_stamp */ '2025-12-31T21:15:15Z',
/* author */ (''),
/* organization */ (''),
/* preprocessor_version */ 'ST-DEVELOPER v20',
/* originating_system */ 'ONSHAPE BY PTC INC, 1.208',
/* authorisation */ '  ');

FILE_SCHEMA (('AP242_MANAGED_MODEL_BASED_3D_ENGINEERING_MIM_LF { 1 0 10303 442 3 1 4 }'));
ENDSEC;

DATA;
#10=(
BOUNDED_CURVE()
B_SPLINE_CURVE(1,(#2919,#2920),.UNSPECIFIED.,.F.,.F.)
B_SPLINE_CURVE_WITH_KNOTS((2,2),(0.,1.),.PIECEWISE_BEZIER_KNOTS.)
CURVE()
GEOMETRIC_REPRESENTATION_ITEM()
RATIONAL_B_SPLINE_CURVE((1.,1.))
REPRESENTATION_ITEM('')
);
#11=(
BOUNDED_CURVE()
B_SPLINE_CURVE(1,(#2924,#2925),.UNSPECIFIED.,.F.,.F.)
B_SPLINE_CURVE_WITH_KNOTS((2,2),(0.,1.),.PIECEWISE_BEZIER_KNOTS.)
CURVE()
GEOMETRIC_REPRESENTATION_ITEM()
RATIONAL_B_SPLINE_CURVE((1.,1.))
REPRESENTATION_ITEM('')
);
#12=(
BOUNDED_CURVE()
B_SPLINE_CURVE(1,(#2937,#2938),.UNSPECIFIED.,.F.,.F.)
B_SPLINE_CURVE_WITH_KNOTS((2,2),(0.,1.),.PIECEWISE_BEZIER_KNOTS.)
CURVE()
GEOMETRIC_REPRESENTATION_ITEM()
RATIONAL_B_SPLINE_CURVE((1.,1.))
REPRESENTATION_ITEM('')
);
#13=(
BOUNDED_CURVE()
B_SPLINE_CURVE(1,(#2942,#2943),.UNSPECIFIED.,.F.,.F.)
B_SPLINE_CURVE_WITH_KNOTS((2,2),(0.,1.),.PIECEWISE_BEZIER_KNOTS.)
CURVE()
GEOMETRIC_REPRESENTATION_ITEM()
RATIONAL_B_SPLINE_CURVE((1.,1.))
REPRESENTATION_ITEM('')
);
#14=(
BOUNDED_CURVE()
B_SPLINE_CURVE(1,(#3644,#3645),.UNSPECIFIED.,.F.,.F.)
B_SPLINE_CURVE_WITH_KNOTS((2,2),(0.,1.),.PIECEWISE_BEZIER_KNOTS.)
CURVE()
GEOMETRIC_REPRESENTATION_ITEM()
RATIONAL_B_SPLINE_CURVE((1.,1.))
REPRESENTATION_ITEM('')
);
#15=(
BOUNDED_CURVE()
B_SPLINE_CURVE(1,(#3649,#3650),.UNSPECIFIED.,.F.,.F.)
B_SPLINE_CURVE_WITH_KNOTS((2,2),(0.,1.),.PIECEWISE_BEZIER_KNOTS.)
CURVE()
GEOMETRIC_REPRESENTATION_ITEM()
RATIONAL_B_SPLINE_CURVE((1.,1.))
REPRESENTATION_ITEM('')
);
#16=(
BOUNDED_CURVE()
B_SPLINE_CURVE(1,(#3662,#3663),.UNSPECIFIED.,.F.,.F.)
B_SPLINE_CURVE_WITH_KNOTS((2,2),(0.,1.),.PIECEWISE_BEZIER_KNOTS.)
CURVE()
GEOMETRIC_REPRESENTATION_ITEM()
RATIONAL_B_SPLINE_CURVE((1.,1.))
REPRESENTATION_ITEM('')
);
#17=(
BOUNDED_CURVE()
B_SPLINE_CURVE(1,(#3679,#3680),.UNSPECIFIED.,.F.,.F.)
B_SPLINE_CURVE_WITH_KNOTS((2,2),(0.,1.),.PIECEWISE_BEZIER_KNOTS.)
CURVE()
GEOMETRIC_REPRESENTATION_ITEM()
RATIONAL_B_SPLINE_CURVE((1.,1.))
REPRESENTATION_ITEM('')
);
#18=(
BOUNDED_CURVE()
B_SPLINE_CURVE(1,(#3684,#3685),.UNSPECIFIED.,.F.,.F.)
B_SPLINE_CURVE_WITH_KNOTS((2,2),(0.,1.),.PIECEWISE_BEZIER_KNOTS.)
CURVE()
GEOMETRIC_REPRESENTATION_ITEM()
RATIONAL_B_SPLINE_CURVE((1.,1.))
REPRESENTATION_ITEM('')
);
#19=CIRCLE('',#2456,1.7);
#20=CIRCLE('',#2457,1.7);
#21=CIRCLE('',#2458,1.7);
#22=CIRCLE('',#2459,1.7);
#23=CIRCLE('',#2460,1.7);
#24=CIRCLE('',#2461,1.7);
#25=CIRCLE('',#2462,5.);
#26=CIRCLE('',#2463,5.);
#27=CIRCLE('',#2464,5.);
#28=CIRCLE('',#2465,1.7);
#29=CIRCLE('',#2466,1.7);
#30=CIRCLE('',#2467,5.);
#31=CIRCLE('',#2468,5.);
#32=CIRCLE('',#2469,5.);
#33=CIRCLE('',#2471,1.7);
#34=CIRCLE('',#2472,1.7);
#35=CIRCLE('',#2473,5.);
#36=CIRCLE('',#2474,5.);
#37=CIRCLE('',#2475,1.7);
#38=CIRCLE('',#2476,1.7);
#39=CIRCLE('',#2477,5.);
#40=CIRCLE('',#2478,5.);
#41=CIRCLE('',#2479,5.);
#42=CIRCLE('',#2480,5.);
#43=CIRCLE('',#2481,1.7);
#44=CIRCLE('',#2482,1.7);
#45=CIRCLE('',#2483,5.);
#46=CIRCLE('',#2484,5.);
#47=CIRCLE('',#2485,5.);
#48=CIRCLE('',#2486,5.);
#49=CIRCLE('',#2487,5.);
#50=CIRCLE('',#2488,1.7);
#51=CIRCLE('',#2489,1.7);
#52=CIRCLE('',#2490,5.);
#53=CIRCLE('',#2491,5.);
#54=CIRCLE('',#2492,5.);
#55=(
BOUNDED_SURFACE()
B_SPLINE_SURFACE(3,1,((#2908,#2909),(#2910,#2911),(#2912,#2913),(#2914,
#2915)),.CYLINDRICAL_SURF.,.F.,.F.,.F.)
B_SPLINE_SURFACE_WITH_KNOTS((4,4),(2,2),(0.5,1.),(0.0454545454545452,0.954545454545455),
 .PIECEWISE_BEZIER_KNOTS.)
GEOMETRIC_REPRESENTATION_ITEM()
RATIONAL_B_SPLINE_SURFACE(((1.,1.),(0.333333333333333,0.333333333333333),
(0.333333333333333,0.333333333333333),(1.,1.)))
REPRESENTATION_ITEM('')
SURFACE()
);
#56=(
BOUNDED_SURFACE()
B_SPLINE_SURFACE(3,1,((#2926,#2927),(#2928,#2929),(#2930,#2931),(#2932,
#2933)),.CYLINDRICAL_SURF.,.F.,.F.,.F.)
B_SPLINE_SURFACE_WITH_KNOTS((4,4),(2,2),(0.5,1.),(0.0454545454545452,0.954545454545455),
 .PIECEWISE_BEZIER_KNOTS.)
GEOMETRIC_REPRESENTATION_ITEM()
RATIONAL_B_SPLINE_SURFACE(((1.,1.),(0.333333333333333,0.333333333333333),
(0.333333333333333,0.333333333333333),(1.,1.)))
REPRESENTATION_ITEM('')
SURFACE()
);
#57=(
BOUNDED_SURFACE()
B_SPLINE_SURFACE(3,1,((#3600,#3601),(#3602,#3603),(#3604,#3605),(#3606,
#3607)),.CYLINDRICAL_SURF.,.F.,.F.,.F.)
B_SPLINE_SURFACE_WITH_KNOTS((4,4),(2,2),(0.,0.5),(0.0454545454545451,0.954545454545455),
 .PIECEWISE_BEZIER_KNOTS.)
GEOMETRIC_REPRESENTATION_ITEM()
RATIONAL_B_SPLINE_SURFACE(((1.,1.),(0.333333333333333,0.333333333333333),
(0.333333333333333,0.333333333333333),(1.,1.)))
REPRESENTATION_ITEM('')
SURFACE()
);
#58=(
BOUNDED_SURFACE()
B_SPLINE_SURFACE(3,1,((#3608,#3609),(#3610,#3611),(#3612,#3613),(#3614,
#3615)),.CYLINDRICAL_SURF.,.F.,.F.,.F.)
B_SPLINE_SURFACE_WITH_KNOTS((4,4),(2,2),(0.,1.),(0.0454545454545452,0.954545454545455),
 .PIECEWISE_BEZIER_KNOTS.)
GEOMETRIC_REPRESENTATION_ITEM()
RATIONAL_B_SPLINE_SURFACE(((1.,1.),(0.333333333333333,0.333333333333333),
(0.333333333333333,0.333333333333333),(1.,1.)))
REPRESENTATION_ITEM('')
SURFACE()
);
#59=(
BOUNDED_SURFACE()
B_SPLINE_SURFACE(3,1,((#3616,#3617),(#3618,#3619),(#3620,#3621),(#3622,
#3623)),.CYLINDRICAL_SURF.,.F.,.F.,.F.)
B_SPLINE_SURFACE_WITH_KNOTS((4,4),(2,2),(0.,0.5),(0.0454545454545452,0.954545454545455),
 .PIECEWISE_BEZIER_KNOTS.)
GEOMETRIC_REPRESENTATION_ITEM()
RATIONAL_B_SPLINE_SURFACE(((1.,1.),(0.333333333333333,0.333333333333333),
(0.333333333333333,0.333333333333333),(1.,1.)))
REPRESENTATION_ITEM('')
SURFACE()
);
#60=(
BOUNDED_SURFACE()
B_SPLINE_SURFACE(3,1,((#3624,#3625),(#3626,#3627),(#3628,#3629),(#3630,
#3631)),.CYLINDRICAL_SURF.,.F.,.F.,.F.)
B_SPLINE_SURFACE_WITH_KNOTS((4,4),(2,2),(0.,1.),(0.0454545454545452,0.954545454545455),
 .PIECEWISE_BEZIER_KNOTS.)
GEOMETRIC_REPRESENTATION_ITEM()
RATIONAL_B_SPLINE_SURFACE(((1.,1.),(0.333333333333333,0.333333333333333),
(0.333333333333333,0.333333333333333),(1.,1.)))
REPRESENTATION_ITEM('')
SURFACE()
);
#61=(
BOUNDED_SURFACE()
B_SPLINE_SURFACE(3,1,((#3633,#3634),(#3635,#3636),(#3637,#3638),(#3639,
#3640)),.CYLINDRICAL_SURF.,.F.,.F.,.F.)
B_SPLINE_SURFACE_WITH_KNOTS((4,4),(2,2),(0.5,1.),(0.0454545454545454,0.954545454545454),
 .PIECEWISE_BEZIER_KNOTS.)
GEOMETRIC_REPRESENTATION_ITEM()
RATIONAL_B_SPLINE_SURFACE(((1.,1.),(0.333333333333333,0.333333333333333),
(0.333333333333333,0.333333333333333),(1.,1.)))
REPRESENTATION_ITEM('')
SURFACE()
);
#62=(
BOUNDED_SURFACE()
B_SPLINE_SURFACE(3,1,((#3651,#3652),(#3653,#3654),(#3655,#3656),(#3657,
#3658)),.CYLINDRICAL_SURF.,.F.,.F.,.F.)
B_SPLINE_SURFACE_WITH_KNOTS((4,4),(2,2),(0.75,1.),(0.0454545454545454,0.954545454545454),
 .PIECEWISE_BEZIER_KNOTS.)
GEOMETRIC_REPRESENTATION_ITEM()
RATIONAL_B_SPLINE_SURFACE(((0.5,0.5),(0.5,0.5),(0.666666666666666,0.666666666666666),
(1.,1.)))
REPRESENTATION_ITEM('')
SURFACE()
);
#63=(
BOUNDED_SURFACE()
B_SPLINE_SURFACE(3,1,((#3668,#3669),(#3670,#3671),(#3672,#3673),(#3674,
#3675)),.CYLINDRICAL_SURF.,.F.,.F.,.F.)
B_SPLINE_SURFACE_WITH_KNOTS((4,4),(2,2),(0.5,1.),(0.0454545454545455,0.954545454545454),
 .PIECEWISE_BEZIER_KNOTS.)
GEOMETRIC_REPRESENTATION_ITEM()
RATIONAL_B_SPLINE_SURFACE(((1.,1.),(0.333333333333333,0.333333333333333),
(0.333333333333333,0.333333333333333),(1.,1.)))
REPRESENTATION_ITEM('')
SURFACE()
);
#64=(
BOUNDED_SURFACE()
B_SPLINE_SURFACE(3,1,((#3686,#3687),(#3688,#3689),(#3690,#3691),(#3692,
#3693),(#3694,#3695),(#3696,#3697),(#3698,#3699)),.CYLINDRICAL_SURF.,.T.,
 .F.,.F.)
B_SPLINE_SURFACE_WITH_KNOTS((4,3,4),(2,2),(0.,0.5,1.),(0.,1.),
 .PIECEWISE_BEZIER_KNOTS.)
GEOMETRIC_REPRESENTATION_ITEM()
RATIONAL_B_SPLINE_SURFACE(((1.,1.),(0.333333333333333,0.333333333333333),
(0.333333333333333,0.333333333333333),(1.,1.),(0.333333333333333,0.333333333333333),
(0.333333333333333,0.333333333333333),(1.,1.)))
REPRESENTATION_ITEM('')
SURFACE()
);
#65=(
BOUNDED_SURFACE()
B_SPLINE_SURFACE(3,1,((#3712,#3713),(#3714,#3715),(#3716,#3717),(#3718,
#3719)),.CYLINDRICAL_SURF.,.F.,.F.,.F.)
B_SPLINE_SURFACE_WITH_KNOTS((4,4),(2,2),(0.,0.5),(0.0454545454545454,0.954545454545454),
 .PIECEWISE_BEZIER_KNOTS.)
GEOMETRIC_REPRESENTATION_ITEM()
RATIONAL_B_SPLINE_SURFACE(((1.,1.),(0.333333333333333,0.333333333333333),
(0.333333333333333,0.333333333333333),(1.,1.)))
REPRESENTATION_ITEM('')
SURFACE()
);
#66=(
BOUNDED_SURFACE()
B_SPLINE_SURFACE(3,1,((#3722,#3723),(#3724,#3725),(#3726,#3727),(#3728,
#3729)),.CYLINDRICAL_SURF.,.F.,.F.,.F.)
B_SPLINE_SURFACE_WITH_KNOTS((4,4),(2,2),(0.,0.25),(0.0454545454545454,0.954545454545454),
 .PIECEWISE_BEZIER_KNOTS.)
GEOMETRIC_REPRESENTATION_ITEM()
RATIONAL_B_SPLINE_SURFACE(((1.,1.),(0.666666666666667,0.666666666666667),
(0.5,0.5),(0.5,0.5)))
REPRESENTATION_ITEM('')
SURFACE()
);
#67=(
BOUNDED_SURFACE()
B_SPLINE_SURFACE(3,1,((#3776,#3777),(#3778,#3779),(#3780,#3781),(#3782,
#3783)),.CYLINDRICAL_SURF.,.F.,.F.,.F.)
B_SPLINE_SURFACE_WITH_KNOTS((4,4),(2,2),(0.,0.5),(0.0454545454545455,0.954545454545454),
 .PIECEWISE_BEZIER_KNOTS.)
GEOMETRIC_REPRESENTATION_ITEM()
RATIONAL_B_SPLINE_SURFACE(((1.,1.),(0.333333333333333,0.333333333333333),
(0.333333333333333,0.333333333333333),(1.,1.)))
REPRESENTATION_ITEM('')
SURFACE()
);
#68=(
BOUNDED_SURFACE()
B_SPLINE_SURFACE(3,1,((#3785,#3786),(#3787,#3788),(#3789,#3790),(#3791,
#3792)),.CYLINDRICAL_SURF.,.F.,.F.,.F.)
B_SPLINE_SURFACE_WITH_KNOTS((4,4),(2,2),(0.,1.),(0.,1.),
 .PIECEWISE_BEZIER_KNOTS.)
GEOMETRIC_REPRESENTATION_ITEM()
RATIONAL_B_SPLINE_SURFACE(((1.,1.),(0.782267341221011,0.782267341221011),
(0.782267341221011,0.782267341221011),(1.,1.)))
REPRESENTATION_ITEM('')
SURFACE()
);
#69=(
BOUNDED_SURFACE()
B_SPLINE_SURFACE(3,1,((#3798,#3799),(#3800,#3801),(#3802,#3803),(#3804,
#3805)),.CYLINDRICAL_SURF.,.F.,.F.,.F.)
B_SPLINE_SURFACE_WITH_KNOTS((4,4),(2,2),(0.,1.),(0.0454545454545454,0.954545454545455),
 .PIECEWISE_BEZIER_KNOTS.)
GEOMETRIC_REPRESENTATION_ITEM()
RATIONAL_B_SPLINE_SURFACE(((1.,1.),(0.333333333333333,0.333333333333333),
(0.333333333333333,0.333333333333333),(1.,1.)))
REPRESENTATION_ITEM('')
SURFACE()
);
#70=CONTEXT_DEPENDENT_SHAPE_REPRESENTATION(#76,#3980);
#71=CONTEXT_DEPENDENT_SHAPE_REPRESENTATION(#77,#3982);
#72=CONTEXT_DEPENDENT_SHAPE_REPRESENTATION(#78,#3984);
#73=NEXT_ASSEMBLY_USAGE_OCCURRENCE('NAUO1','pcb','pcb',#3985,#3986,'');
#74=NEXT_ASSEMBLY_USAGE_OCCURRENCE('NAUO2','Part 2','Part 2',#3985,#3987,
'');
#75=NEXT_ASSEMBLY_USAGE_OCCURRENCE('NAUO3','Part 3','Part 3',#3985,#3988,
'');
#76=(
REPRESENTATION_RELATIONSHIP(' ',' ',#2451,#2450)
REPRESENTATION_RELATIONSHIP_WITH_TRANSFORMATION(#79)
SHAPE_REPRESENTATION_RELATIONSHIP()
);
#77=(
REPRESENTATION_RELATIONSHIP(' ',' ',#2452,#2450)
REPRESENTATION_RELATIONSHIP_WITH_TRANSFORMATION(#80)
SHAPE_REPRESENTATION_RELATIONSHIP()
);
#78=(
REPRESENTATION_RELATIONSHIP(' ',' ',#2453,#2450)
REPRESENTATION_RELATIONSHIP_WITH_TRANSFORMATION(#81)
SHAPE_REPRESENTATION_RELATIONSHIP()
);
#79=ITEM_DEFINED_TRANSFORMATION(' ',' ',#2454,#2455);
#80=ITEM_DEFINED_TRANSFORMATION(' ',' ',#2454,#2470);
#81=ITEM_DEFINED_TRANSFORMATION(' ',' ',#2454,#2493);
#82=SHAPE_REPRESENTATION_RELATIONSHIP('','',#2451,#85);
#83=SHAPE_REPRESENTATION_RELATIONSHIP('','',#2452,#86);
#84=SHAPE_REPRESENTATION_RELATIONSHIP('','',#2453,#87);
#85=ADVANCED_BREP_SHAPE_REPRESENTATION('',(#2443),#3968);
#86=ADVANCED_BREP_SHAPE_REPRESENTATION('',(#2444),#3969);
#87=ADVANCED_BREP_SHAPE_REPRESENTATION('',(#2445),#3970);
#88=ORIENTED_EDGE('',*,*,#754,.F.);
#89=ORIENTED_EDGE('',*,*,#755,.F.);
#90=ORIENTED_EDGE('',*,*,#756,.T.);
#91=ORIENTED_EDGE('',*,*,#757,.T.);
#92=ORIENTED_EDGE('',*,*,#758,.T.);
#93=ORIENTED_EDGE('',*,*,#759,.F.);
#94=ORIENTED_EDGE('',*,*,#760,.F.);
#95=ORIENTED_EDGE('',*,*,#755,.T.);
#96=ORIENTED_EDGE('',*,*,#761,.T.);
#97=ORIENTED_EDGE('',*,*,#762,.F.);
#98=ORIENTED_EDGE('',*,*,#763,.F.);
#99=ORIENTED_EDGE('',*,*,#759,.T.);
#100=ORIENTED_EDGE('',*,*,#764,.F.);
#101=ORIENTED_EDGE('',*,*,#757,.F.);
#102=ORIENTED_EDGE('',*,*,#765,.T.);
#103=ORIENTED_EDGE('',*,*,#762,.T.);
#104=ORIENTED_EDGE('',*,*,#756,.F.);
#105=ORIENTED_EDGE('',*,*,#760,.T.);
#106=ORIENTED_EDGE('',*,*,#763,.T.);
#107=ORIENTED_EDGE('',*,*,#765,.F.);
#108=ORIENTED_EDGE('',*,*,#754,.T.);
#109=ORIENTED_EDGE('',*,*,#764,.T.);
#110=ORIENTED_EDGE('',*,*,#761,.F.);
#111=ORIENTED_EDGE('',*,*,#758,.F.);
#112=ORIENTED_EDGE('',*,*,#766,.T.);
#113=ORIENTED_EDGE('',*,*,#767,.T.);
#114=ORIENTED_EDGE('',*,*,#768,.F.);
#115=ORIENTED_EDGE('',*,*,#769,.F.);
#116=ORIENTED_EDGE('',*,*,#770,.T.);
#117=ORIENTED_EDGE('',*,*,#771,.T.);
#118=ORIENTED_EDGE('',*,*,#772,.F.);
#119=ORIENTED_EDGE('',*,*,#773,.F.);
#120=ORIENTED_EDGE('',*,*,#774,.F.);
#121=ORIENTED_EDGE('',*,*,#775,.T.);
#122=ORIENTED_EDGE('',*,*,#776,.F.);
#123=ORIENTED_EDGE('',*,*,#777,.F.);
#124=ORIENTED_EDGE('',*,*,#778,.F.);
#125=ORIENTED_EDGE('',*,*,#779,.F.);
#126=ORIENTED_EDGE('',*,*,#780,.T.);
#127=ORIENTED_EDGE('',*,*,#781,.T.);
#128=ORIENTED_EDGE('',*,*,#782,.F.);
#129=ORIENTED_EDGE('',*,*,#783,.T.);
#130=ORIENTED_EDGE('',*,*,#784,.T.);
#131=ORIENTED_EDGE('',*,*,#785,.T.);
#132=ORIENTED_EDGE('',*,*,#786,.T.);
#133=ORIENTED_EDGE('',*,*,#787,.T.);
#134=ORIENTED_EDGE('',*,*,#788,.F.);
#135=ORIENTED_EDGE('',*,*,#789,.F.);
#136=ORIENTED_EDGE('',*,*,#772,.T.);
#137=ORIENTED_EDGE('',*,*,#790,.T.);
#138=ORIENTED_EDGE('',*,*,#768,.T.);
#139=ORIENTED_EDGE('',*,*,#791,.T.);
#140=ORIENTED_EDGE('',*,*,#788,.T.);
#141=ORIENTED_EDGE('',*,*,#792,.F.);
#142=ORIENTED_EDGE('',*,*,#793,.F.);
#143=ORIENTED_EDGE('',*,*,#782,.T.);
#144=ORIENTED_EDGE('',*,*,#794,.F.);
#145=ORIENTED_EDGE('',*,*,#775,.F.);
#146=ORIENTED_EDGE('',*,*,#795,.F.);
#147=ORIENTED_EDGE('',*,*,#781,.F.);
#148=ORIENTED_EDGE('',*,*,#796,.T.);
#149=ORIENTED_EDGE('',*,*,#797,.F.);
#150=ORIENTED_EDGE('',*,*,#798,.F.);
#151=ORIENTED_EDGE('',*,*,#799,.T.);
#152=ORIENTED_EDGE('',*,*,#800,.T.);
#153=ORIENTED_EDGE('',*,*,#801,.F.);
#154=ORIENTED_EDGE('',*,*,#802,.F.);
#155=ORIENTED_EDGE('',*,*,#803,.T.);
#156=ORIENTED_EDGE('',*,*,#804,.T.);
#157=ORIENTED_EDGE('',*,*,#805,.F.);
#158=ORIENTED_EDGE('',*,*,#806,.F.);
#159=ORIENTED_EDGE('',*,*,#807,.T.);
#160=ORIENTED_EDGE('',*,*,#808,.T.);
#161=ORIENTED_EDGE('',*,*,#809,.F.);
#162=ORIENTED_EDGE('',*,*,#810,.F.);
#163=ORIENTED_EDGE('',*,*,#811,.T.);
#164=ORIENTED_EDGE('',*,*,#812,.T.);
#165=ORIENTED_EDGE('',*,*,#813,.F.);
#166=ORIENTED_EDGE('',*,*,#814,.F.);
#167=ORIENTED_EDGE('',*,*,#815,.T.);
#168=ORIENTED_EDGE('',*,*,#816,.T.);
#169=ORIENTED_EDGE('',*,*,#817,.F.);
#170=ORIENTED_EDGE('',*,*,#818,.F.);
#171=ORIENTED_EDGE('',*,*,#819,.T.);
#172=ORIENTED_EDGE('',*,*,#820,.T.);
#173=ORIENTED_EDGE('',*,*,#821,.F.);
#174=ORIENTED_EDGE('',*,*,#822,.F.);
#175=ORIENTED_EDGE('',*,*,#823,.T.);
#176=ORIENTED_EDGE('',*,*,#824,.T.);
#177=ORIENTED_EDGE('',*,*,#825,.F.);
#178=ORIENTED_EDGE('',*,*,#826,.F.);
#179=ORIENTED_EDGE('',*,*,#827,.T.);
#180=ORIENTED_EDGE('',*,*,#828,.T.);
#181=ORIENTED_EDGE('',*,*,#829,.F.);
#182=ORIENTED_EDGE('',*,*,#830,.F.);
#183=ORIENTED_EDGE('',*,*,#831,.T.);
#184=ORIENTED_EDGE('',*,*,#832,.T.);
#185=ORIENTED_EDGE('',*,*,#833,.F.);
#186=ORIENTED_EDGE('',*,*,#834,.F.);
#187=ORIENTED_EDGE('',*,*,#835,.T.);
#188=ORIENTED_EDGE('',*,*,#836,.T.);
#189=ORIENTED_EDGE('',*,*,#837,.F.);
#190=ORIENTED_EDGE('',*,*,#838,.F.);
#191=ORIENTED_EDGE('',*,*,#839,.T.);
#192=ORIENTED_EDGE('',*,*,#840,.T.);
#193=ORIENTED_EDGE('',*,*,#841,.F.);
#194=ORIENTED_EDGE('',*,*,#842,.F.);
#195=ORIENTED_EDGE('',*,*,#843,.T.);
#196=ORIENTED_EDGE('',*,*,#844,.T.);
#197=ORIENTED_EDGE('',*,*,#845,.F.);
#198=ORIENTED_EDGE('',*,*,#846,.F.);
#199=ORIENTED_EDGE('',*,*,#847,.T.);
#200=ORIENTED_EDGE('',*,*,#848,.T.);
#201=ORIENTED_EDGE('',*,*,#849,.F.);
#202=ORIENTED_EDGE('',*,*,#850,.F.);
#203=ORIENTED_EDGE('',*,*,#851,.T.);
#204=ORIENTED_EDGE('',*,*,#852,.T.);
#205=ORIENTED_EDGE('',*,*,#853,.F.);
#206=ORIENTED_EDGE('',*,*,#854,.F.);
#207=ORIENTED_EDGE('',*,*,#855,.T.);
#208=ORIENTED_EDGE('',*,*,#856,.T.);
#209=ORIENTED_EDGE('',*,*,#857,.T.);
#210=ORIENTED_EDGE('',*,*,#858,.F.);
#211=ORIENTED_EDGE('',*,*,#859,.F.);
#212=ORIENTED_EDGE('',*,*,#860,.T.);
#213=ORIENTED_EDGE('',*,*,#766,.F.);
#214=ORIENTED_EDGE('',*,*,#861,.F.);
#215=ORIENTED_EDGE('',*,*,#770,.F.);
#216=ORIENTED_EDGE('',*,*,#862,.F.);
#217=ORIENTED_EDGE('',*,*,#863,.T.);
#218=ORIENTED_EDGE('',*,*,#864,.T.);
#219=ORIENTED_EDGE('',*,*,#786,.F.);
#220=ORIENTED_EDGE('',*,*,#865,.F.);
#221=ORIENTED_EDGE('',*,*,#779,.T.);
#222=ORIENTED_EDGE('',*,*,#866,.T.);
#223=ORIENTED_EDGE('',*,*,#777,.T.);
#224=ORIENTED_EDGE('',*,*,#867,.T.);
#225=ORIENTED_EDGE('',*,*,#784,.F.);
#226=ORIENTED_EDGE('',*,*,#868,.F.);
#227=ORIENTED_EDGE('',*,*,#869,.F.);
#228=ORIENTED_EDGE('',*,*,#870,.T.);
#229=ORIENTED_EDGE('',*,*,#871,.T.);
#230=ORIENTED_EDGE('',*,*,#872,.F.);
#231=ORIENTED_EDGE('',*,*,#873,.F.);
#232=ORIENTED_EDGE('',*,*,#874,.T.);
#233=ORIENTED_EDGE('',*,*,#875,.T.);
#234=ORIENTED_EDGE('',*,*,#876,.F.);
#235=ORIENTED_EDGE('',*,*,#877,.F.);
#236=ORIENTED_EDGE('',*,*,#878,.T.);
#237=ORIENTED_EDGE('',*,*,#879,.T.);
#238=ORIENTED_EDGE('',*,*,#880,.F.);
#239=ORIENTED_EDGE('',*,*,#881,.F.);
#240=ORIENTED_EDGE('',*,*,#882,.T.);
#241=ORIENTED_EDGE('',*,*,#883,.T.);
#242=ORIENTED_EDGE('',*,*,#884,.F.);
#243=ORIENTED_EDGE('',*,*,#885,.F.);
#244=ORIENTED_EDGE('',*,*,#886,.T.);
#245=ORIENTED_EDGE('',*,*,#887,.T.);
#246=ORIENTED_EDGE('',*,*,#888,.F.);
#247=ORIENTED_EDGE('',*,*,#889,.F.);
#248=ORIENTED_EDGE('',*,*,#890,.T.);
#249=ORIENTED_EDGE('',*,*,#891,.T.);
#250=ORIENTED_EDGE('',*,*,#892,.F.);
#251=ORIENTED_EDGE('',*,*,#893,.F.);
#252=ORIENTED_EDGE('',*,*,#894,.T.);
#253=ORIENTED_EDGE('',*,*,#895,.T.);
#254=ORIENTED_EDGE('',*,*,#896,.F.);
#255=ORIENTED_EDGE('',*,*,#897,.F.);
#256=ORIENTED_EDGE('',*,*,#898,.T.);
#257=ORIENTED_EDGE('',*,*,#899,.T.);
#258=ORIENTED_EDGE('',*,*,#900,.F.);
#259=ORIENTED_EDGE('',*,*,#901,.F.);
#260=ORIENTED_EDGE('',*,*,#902,.T.);
#261=ORIENTED_EDGE('',*,*,#903,.T.);
#262=ORIENTED_EDGE('',*,*,#904,.F.);
#263=ORIENTED_EDGE('',*,*,#905,.F.);
#264=ORIENTED_EDGE('',*,*,#906,.T.);
#265=ORIENTED_EDGE('',*,*,#907,.T.);
#266=ORIENTED_EDGE('',*,*,#908,.F.);
#267=ORIENTED_EDGE('',*,*,#909,.F.);
#268=ORIENTED_EDGE('',*,*,#910,.T.);
#269=ORIENTED_EDGE('',*,*,#911,.T.);
#270=ORIENTED_EDGE('',*,*,#912,.F.);
#271=ORIENTED_EDGE('',*,*,#913,.F.);
#272=ORIENTED_EDGE('',*,*,#914,.T.);
#273=ORIENTED_EDGE('',*,*,#915,.T.);
#274=ORIENTED_EDGE('',*,*,#916,.F.);
#275=ORIENTED_EDGE('',*,*,#917,.F.);
#276=ORIENTED_EDGE('',*,*,#918,.T.);
#277=ORIENTED_EDGE('',*,*,#919,.T.);
#278=ORIENTED_EDGE('',*,*,#920,.F.);
#279=ORIENTED_EDGE('',*,*,#921,.F.);
#280=ORIENTED_EDGE('',*,*,#922,.T.);
#281=ORIENTED_EDGE('',*,*,#923,.T.);
#282=ORIENTED_EDGE('',*,*,#924,.F.);
#283=ORIENTED_EDGE('',*,*,#925,.F.);
#284=ORIENTED_EDGE('',*,*,#926,.T.);
#285=ORIENTED_EDGE('',*,*,#927,.T.);
#286=ORIENTED_EDGE('',*,*,#928,.T.);
#287=ORIENTED_EDGE('',*,*,#929,.F.);
#288=ORIENTED_EDGE('',*,*,#930,.F.);
#289=ORIENTED_EDGE('',*,*,#931,.T.);
#290=ORIENTED_EDGE('',*,*,#796,.F.);
#291=ORIENTED_EDGE('',*,*,#780,.F.);
#292=ORIENTED_EDGE('',*,*,#865,.T.);
#293=ORIENTED_EDGE('',*,*,#789,.T.);
#294=ORIENTED_EDGE('',*,*,#794,.T.);
#295=ORIENTED_EDGE('',*,*,#785,.F.);
#296=ORIENTED_EDGE('',*,*,#867,.F.);
#297=ORIENTED_EDGE('',*,*,#776,.T.);
#298=ORIENTED_EDGE('',*,*,#924,.T.);
#299=ORIENTED_EDGE('',*,*,#932,.T.);
#300=ORIENTED_EDGE('',*,*,#854,.T.);
#301=ORIENTED_EDGE('',*,*,#933,.F.);
#302=ORIENTED_EDGE('',*,*,#934,.T.);
#303=ORIENTED_EDGE('',*,*,#855,.F.);
#304=ORIENTED_EDGE('',*,*,#932,.F.);
#305=ORIENTED_EDGE('',*,*,#927,.F.);
#306=ORIENTED_EDGE('',*,*,#935,.T.);
#307=ORIENTED_EDGE('',*,*,#856,.F.);
#308=ORIENTED_EDGE('',*,*,#934,.F.);
#309=ORIENTED_EDGE('',*,*,#926,.F.);
#310=ORIENTED_EDGE('',*,*,#925,.T.);
#311=ORIENTED_EDGE('',*,*,#933,.T.);
#312=ORIENTED_EDGE('',*,*,#853,.T.);
#313=ORIENTED_EDGE('',*,*,#935,.F.);
#314=ORIENTED_EDGE('',*,*,#920,.T.);
#315=ORIENTED_EDGE('',*,*,#936,.T.);
#316=ORIENTED_EDGE('',*,*,#850,.T.);
#317=ORIENTED_EDGE('',*,*,#937,.F.);
#318=ORIENTED_EDGE('',*,*,#938,.T.);
#319=ORIENTED_EDGE('',*,*,#851,.F.);
#320=ORIENTED_EDGE('',*,*,#936,.F.);
#321=ORIENTED_EDGE('',*,*,#923,.F.);
#322=ORIENTED_EDGE('',*,*,#939,.T.);
#323=ORIENTED_EDGE('',*,*,#852,.F.);
#324=ORIENTED_EDGE('',*,*,#938,.F.);
#325=ORIENTED_EDGE('',*,*,#922,.F.);
#326=ORIENTED_EDGE('',*,*,#921,.T.);
#327=ORIENTED_EDGE('',*,*,#937,.T.);
#328=ORIENTED_EDGE('',*,*,#849,.T.);
#329=ORIENTED_EDGE('',*,*,#939,.F.);
#330=ORIENTED_EDGE('',*,*,#916,.T.);
#331=ORIENTED_EDGE('',*,*,#940,.T.);
#332=ORIENTED_EDGE('',*,*,#846,.T.);
#333=ORIENTED_EDGE('',*,*,#941,.F.);
#334=ORIENTED_EDGE('',*,*,#942,.T.);
#335=ORIENTED_EDGE('',*,*,#847,.F.);
#336=ORIENTED_EDGE('',*,*,#940,.F.);
#337=ORIENTED_EDGE('',*,*,#919,.F.);
#338=ORIENTED_EDGE('',*,*,#943,.T.);
#339=ORIENTED_EDGE('',*,*,#848,.F.);
#340=ORIENTED_EDGE('',*,*,#942,.F.);
#341=ORIENTED_EDGE('',*,*,#918,.F.);
#342=ORIENTED_EDGE('',*,*,#917,.T.);
#343=ORIENTED_EDGE('',*,*,#941,.T.);
#344=ORIENTED_EDGE('',*,*,#845,.T.);
#345=ORIENTED_EDGE('',*,*,#943,.F.);
#346=ORIENTED_EDGE('',*,*,#912,.T.);
#347=ORIENTED_EDGE('',*,*,#944,.T.);
#348=ORIENTED_EDGE('',*,*,#842,.T.);
#349=ORIENTED_EDGE('',*,*,#945,.F.);
#350=ORIENTED_EDGE('',*,*,#946,.T.);
#351=ORIENTED_EDGE('',*,*,#843,.F.);
#352=ORIENTED_EDGE('',*,*,#944,.F.);
#353=ORIENTED_EDGE('',*,*,#915,.F.);
#354=ORIENTED_EDGE('',*,*,#947,.T.);
#355=ORIENTED_EDGE('',*,*,#844,.F.);
#356=ORIENTED_EDGE('',*,*,#946,.F.);
#357=ORIENTED_EDGE('',*,*,#914,.F.);
#358=ORIENTED_EDGE('',*,*,#913,.T.);
#359=ORIENTED_EDGE('',*,*,#945,.T.);
#360=ORIENTED_EDGE('',*,*,#841,.T.);
#361=ORIENTED_EDGE('',*,*,#947,.F.);
#362=ORIENTED_EDGE('',*,*,#908,.T.);
#363=ORIENTED_EDGE('',*,*,#948,.T.);
#364=ORIENTED_EDGE('',*,*,#838,.T.);
#365=ORIENTED_EDGE('',*,*,#949,.F.);
#366=ORIENTED_EDGE('',*,*,#950,.T.);
#367=ORIENTED_EDGE('',*,*,#839,.F.);
#368=ORIENTED_EDGE('',*,*,#948,.F.);
#369=ORIENTED_EDGE('',*,*,#911,.F.);
#370=ORIENTED_EDGE('',*,*,#951,.T.);
#371=ORIENTED_EDGE('',*,*,#840,.F.);
#372=ORIENTED_EDGE('',*,*,#950,.F.);
#373=ORIENTED_EDGE('',*,*,#910,.F.);
#374=ORIENTED_EDGE('',*,*,#909,.T.);
#375=ORIENTED_EDGE('',*,*,#949,.T.);
#376=ORIENTED_EDGE('',*,*,#837,.T.);
#377=ORIENTED_EDGE('',*,*,#951,.F.);
#378=ORIENTED_EDGE('',*,*,#904,.T.);
#379=ORIENTED_EDGE('',*,*,#952,.T.);
#380=ORIENTED_EDGE('',*,*,#834,.T.);
#381=ORIENTED_EDGE('',*,*,#953,.F.);
#382=ORIENTED_EDGE('',*,*,#954,.T.);
#383=ORIENTED_EDGE('',*,*,#835,.F.);
#384=ORIENTED_EDGE('',*,*,#952,.F.);
#385=ORIENTED_EDGE('',*,*,#907,.F.);
#386=ORIENTED_EDGE('',*,*,#955,.T.);
#387=ORIENTED_EDGE('',*,*,#836,.F.);
#388=ORIENTED_EDGE('',*,*,#954,.F.);
#389=ORIENTED_EDGE('',*,*,#906,.F.);
#390=ORIENTED_EDGE('',*,*,#905,.T.);
#391=ORIENTED_EDGE('',*,*,#953,.T.);
#392=ORIENTED_EDGE('',*,*,#833,.T.);
#393=ORIENTED_EDGE('',*,*,#955,.F.);
#394=ORIENTED_EDGE('',*,*,#900,.T.);
#395=ORIENTED_EDGE('',*,*,#956,.T.);
#396=ORIENTED_EDGE('',*,*,#830,.T.);
#397=ORIENTED_EDGE('',*,*,#957,.F.);
#398=ORIENTED_EDGE('',*,*,#958,.T.);
#399=ORIENTED_EDGE('',*,*,#831,.F.);
#400=ORIENTED_EDGE('',*,*,#956,.F.);
#401=ORIENTED_EDGE('',*,*,#903,.F.);
#402=ORIENTED_EDGE('',*,*,#959,.T.);
#403=ORIENTED_EDGE('',*,*,#832,.F.);
#404=ORIENTED_EDGE('',*,*,#958,.F.);
#405=ORIENTED_EDGE('',*,*,#902,.F.);
#406=ORIENTED_EDGE('',*,*,#901,.T.);
#407=ORIENTED_EDGE('',*,*,#957,.T.);
#408=ORIENTED_EDGE('',*,*,#829,.T.);
#409=ORIENTED_EDGE('',*,*,#959,.F.);
#410=ORIENTED_EDGE('',*,*,#896,.T.);
#411=ORIENTED_EDGE('',*,*,#960,.T.);
#412=ORIENTED_EDGE('',*,*,#826,.T.);
#413=ORIENTED_EDGE('',*,*,#961,.F.);
#414=ORIENTED_EDGE('',*,*,#962,.T.);
#415=ORIENTED_EDGE('',*,*,#827,.F.);
#416=ORIENTED_EDGE('',*,*,#960,.F.);
#417=ORIENTED_EDGE('',*,*,#899,.F.);
#418=ORIENTED_EDGE('',*,*,#963,.T.);
#419=ORIENTED_EDGE('',*,*,#828,.F.);
#420=ORIENTED_EDGE('',*,*,#962,.F.);
#421=ORIENTED_EDGE('',*,*,#898,.F.);
#422=ORIENTED_EDGE('',*,*,#897,.T.);
#423=ORIENTED_EDGE('',*,*,#961,.T.);
#424=ORIENTED_EDGE('',*,*,#825,.T.);
#425=ORIENTED_EDGE('',*,*,#963,.F.);
#426=ORIENTED_EDGE('',*,*,#892,.T.);
#427=ORIENTED_EDGE('',*,*,#964,.T.);
#428=ORIENTED_EDGE('',*,*,#822,.T.);
#429=ORIENTED_EDGE('',*,*,#965,.F.);
#430=ORIENTED_EDGE('',*,*,#966,.T.);
#431=ORIENTED_EDGE('',*,*,#823,.F.);
#432=ORIENTED_EDGE('',*,*,#964,.F.);
#433=ORIENTED_EDGE('',*,*,#895,.F.);
#434=ORIENTED_EDGE('',*,*,#967,.T.);
#435=ORIENTED_EDGE('',*,*,#824,.F.);
#436=ORIENTED_EDGE('',*,*,#966,.F.);
#437=ORIENTED_EDGE('',*,*,#894,.F.);
#438=ORIENTED_EDGE('',*,*,#893,.T.);
#439=ORIENTED_EDGE('',*,*,#965,.T.);
#440=ORIENTED_EDGE('',*,*,#821,.T.);
#441=ORIENTED_EDGE('',*,*,#967,.F.);
#442=ORIENTED_EDGE('',*,*,#888,.T.);
#443=ORIENTED_EDGE('',*,*,#968,.T.);
#444=ORIENTED_EDGE('',*,*,#818,.T.);
#445=ORIENTED_EDGE('',*,*,#969,.F.);
#446=ORIENTED_EDGE('',*,*,#970,.T.);
#447=ORIENTED_EDGE('',*,*,#819,.F.);
#448=ORIENTED_EDGE('',*,*,#968,.F.);
#449=ORIENTED_EDGE('',*,*,#891,.F.);
#450=ORIENTED_EDGE('',*,*,#971,.T.);
#451=ORIENTED_EDGE('',*,*,#820,.F.);
#452=ORIENTED_EDGE('',*,*,#970,.F.);
#453=ORIENTED_EDGE('',*,*,#890,.F.);
#454=ORIENTED_EDGE('',*,*,#889,.T.);
#455=ORIENTED_EDGE('',*,*,#969,.T.);
#456=ORIENTED_EDGE('',*,*,#817,.T.);
#457=ORIENTED_EDGE('',*,*,#971,.F.);
#458=ORIENTED_EDGE('',*,*,#884,.T.);
#459=ORIENTED_EDGE('',*,*,#972,.T.);
#460=ORIENTED_EDGE('',*,*,#814,.T.);
#461=ORIENTED_EDGE('',*,*,#973,.F.);
#462=ORIENTED_EDGE('',*,*,#974,.T.);
#463=ORIENTED_EDGE('',*,*,#815,.F.);
#464=ORIENTED_EDGE('',*,*,#972,.F.);
#465=ORIENTED_EDGE('',*,*,#887,.F.);
#466=ORIENTED_EDGE('',*,*,#975,.T.);
#467=ORIENTED_EDGE('',*,*,#816,.F.);
#468=ORIENTED_EDGE('',*,*,#974,.F.);
#469=ORIENTED_EDGE('',*,*,#886,.F.);
#470=ORIENTED_EDGE('',*,*,#885,.T.);
#471=ORIENTED_EDGE('',*,*,#973,.T.);
#472=ORIENTED_EDGE('',*,*,#813,.T.);
#473=ORIENTED_EDGE('',*,*,#975,.F.);
#474=ORIENTED_EDGE('',*,*,#880,.T.);
#475=ORIENTED_EDGE('',*,*,#976,.T.);
#476=ORIENTED_EDGE('',*,*,#810,.T.);
#477=ORIENTED_EDGE('',*,*,#977,.F.);
#478=ORIENTED_EDGE('',*,*,#978,.T.);
#479=ORIENTED_EDGE('',*,*,#811,.F.);
#480=ORIENTED_EDGE('',*,*,#976,.F.);
#481=ORIENTED_EDGE('',*,*,#883,.F.);
#482=ORIENTED_EDGE('',*,*,#979,.T.);
#483=ORIENTED_EDGE('',*,*,#812,.F.);
#484=ORIENTED_EDGE('',*,*,#978,.F.);
#485=ORIENTED_EDGE('',*,*,#882,.F.);
#486=ORIENTED_EDGE('',*,*,#881,.T.);
#487=ORIENTED_EDGE('',*,*,#977,.T.);
#488=ORIENTED_EDGE('',*,*,#809,.T.);
#489=ORIENTED_EDGE('',*,*,#979,.F.);
#490=ORIENTED_EDGE('',*,*,#876,.T.);
#491=ORIENTED_EDGE('',*,*,#980,.T.);
#492=ORIENTED_EDGE('',*,*,#806,.T.);
#493=ORIENTED_EDGE('',*,*,#981,.F.);
#494=ORIENTED_EDGE('',*,*,#982,.T.);
#495=ORIENTED_EDGE('',*,*,#807,.F.);
#496=ORIENTED_EDGE('',*,*,#980,.F.);
#497=ORIENTED_EDGE('',*,*,#879,.F.);
#498=ORIENTED_EDGE('',*,*,#983,.T.);
#499=ORIENTED_EDGE('',*,*,#808,.F.);
#500=ORIENTED_EDGE('',*,*,#982,.F.);
#501=ORIENTED_EDGE('',*,*,#878,.F.);
#502=ORIENTED_EDGE('',*,*,#877,.T.);
#503=ORIENTED_EDGE('',*,*,#981,.T.);
#504=ORIENTED_EDGE('',*,*,#805,.T.);
#505=ORIENTED_EDGE('',*,*,#983,.F.);
#506=ORIENTED_EDGE('',*,*,#872,.T.);
#507=ORIENTED_EDGE('',*,*,#984,.T.);
#508=ORIENTED_EDGE('',*,*,#802,.T.);
#509=ORIENTED_EDGE('',*,*,#985,.F.);
#510=ORIENTED_EDGE('',*,*,#986,.T.);
#511=ORIENTED_EDGE('',*,*,#803,.F.);
#512=ORIENTED_EDGE('',*,*,#984,.F.);
#513=ORIENTED_EDGE('',*,*,#875,.F.);
#514=ORIENTED_EDGE('',*,*,#987,.T.);
#515=ORIENTED_EDGE('',*,*,#804,.F.);
#516=ORIENTED_EDGE('',*,*,#986,.F.);
#517=ORIENTED_EDGE('',*,*,#874,.F.);
#518=ORIENTED_EDGE('',*,*,#873,.T.);
#519=ORIENTED_EDGE('',*,*,#985,.T.);
#520=ORIENTED_EDGE('',*,*,#801,.T.);
#521=ORIENTED_EDGE('',*,*,#987,.F.);
#522=ORIENTED_EDGE('',*,*,#868,.T.);
#523=ORIENTED_EDGE('',*,*,#988,.T.);
#524=ORIENTED_EDGE('',*,*,#798,.T.);
#525=ORIENTED_EDGE('',*,*,#989,.F.);
#526=ORIENTED_EDGE('',*,*,#990,.T.);
#527=ORIENTED_EDGE('',*,*,#799,.F.);
#528=ORIENTED_EDGE('',*,*,#988,.F.);
#529=ORIENTED_EDGE('',*,*,#871,.F.);
#530=ORIENTED_EDGE('',*,*,#991,.T.);
#531=ORIENTED_EDGE('',*,*,#800,.F.);
#532=ORIENTED_EDGE('',*,*,#990,.F.);
#533=ORIENTED_EDGE('',*,*,#870,.F.);
#534=ORIENTED_EDGE('',*,*,#869,.T.);
#535=ORIENTED_EDGE('',*,*,#989,.T.);
#536=ORIENTED_EDGE('',*,*,#797,.T.);
#537=ORIENTED_EDGE('',*,*,#991,.F.);
#538=ORIENTED_EDGE('',*,*,#929,.T.);
#539=ORIENTED_EDGE('',*,*,#992,.T.);
#540=ORIENTED_EDGE('',*,*,#860,.F.);
#541=ORIENTED_EDGE('',*,*,#993,.F.);
#542=ORIENTED_EDGE('',*,*,#994,.T.);
#543=ORIENTED_EDGE('',*,*,#858,.T.);
#544=ORIENTED_EDGE('',*,*,#995,.F.);
#545=ORIENTED_EDGE('',*,*,#931,.F.);
#546=ORIENTED_EDGE('',*,*,#930,.T.);
#547=ORIENTED_EDGE('',*,*,#993,.T.);
#548=ORIENTED_EDGE('',*,*,#859,.T.);
#549=ORIENTED_EDGE('',*,*,#994,.F.);
#550=ORIENTED_EDGE('',*,*,#995,.T.);
#551=ORIENTED_EDGE('',*,*,#857,.F.);
#552=ORIENTED_EDGE('',*,*,#992,.F.);
#553=ORIENTED_EDGE('',*,*,#928,.F.);
#554=ORIENTED_EDGE('',*,*,#771,.F.);
#555=ORIENTED_EDGE('',*,*,#862,.T.);
#556=ORIENTED_EDGE('',*,*,#773,.T.);
#557=ORIENTED_EDGE('',*,*,#790,.F.);
#558=ORIENTED_EDGE('',*,*,#783,.F.);
#559=ORIENTED_EDGE('',*,*,#793,.T.);
#560=ORIENTED_EDGE('',*,*,#792,.T.);
#561=ORIENTED_EDGE('',*,*,#787,.F.);
#562=ORIENTED_EDGE('',*,*,#864,.F.);
#563=ORIENTED_EDGE('',*,*,#863,.F.);
#564=ORIENTED_EDGE('',*,*,#767,.F.);
#565=ORIENTED_EDGE('',*,*,#861,.T.);
#566=ORIENTED_EDGE('',*,*,#769,.T.);
#567=ORIENTED_EDGE('',*,*,#791,.F.);
#568=ORIENTED_EDGE('',*,*,#795,.T.);
#569=ORIENTED_EDGE('',*,*,#774,.T.);
#570=ORIENTED_EDGE('',*,*,#866,.F.);
#571=ORIENTED_EDGE('',*,*,#778,.T.);
#572=ORIENTED_EDGE('',*,*,#996,.T.);
#573=ORIENTED_EDGE('',*,*,#997,.T.);
#574=ORIENTED_EDGE('',*,*,#998,.F.);
#575=ORIENTED_EDGE('',*,*,#999,.F.);
#576=ORIENTED_EDGE('',*,*,#1000,.F.);
#577=ORIENTED_EDGE('',*,*,#1001,.T.);
#578=ORIENTED_EDGE('',*,*,#1002,.T.);
#579=ORIENTED_EDGE('',*,*,#1003,.T.);
#580=ORIENTED_EDGE('',*,*,#1004,.T.);
#581=ORIENTED_EDGE('',*,*,#1005,.T.);
#582=ORIENTED_EDGE('',*,*,#1006,.F.);
#583=ORIENTED_EDGE('',*,*,#1007,.F.);
#584=ORIENTED_EDGE('',*,*,#1008,.F.);
#585=ORIENTED_EDGE('',*,*,#1009,.F.);
#586=ORIENTED_EDGE('',*,*,#1010,.F.);
#587=ORIENTED_EDGE('',*,*,#1011,.F.);
#588=ORIENTED_EDGE('',*,*,#1012,.T.);
#589=ORIENTED_EDGE('',*,*,#1013,.T.);
#590=ORIENTED_EDGE('',*,*,#1005,.F.);
#591=ORIENTED_EDGE('',*,*,#1014,.T.);
#592=ORIENTED_EDGE('',*,*,#1007,.T.);
#593=ORIENTED_EDGE('',*,*,#1015,.F.);
#594=ORIENTED_EDGE('',*,*,#1001,.F.);
#595=ORIENTED_EDGE('',*,*,#1016,.F.);
#596=ORIENTED_EDGE('',*,*,#1017,.T.);
#597=ORIENTED_EDGE('',*,*,#1018,.T.);
#598=ORIENTED_EDGE('',*,*,#1004,.F.);
#599=ORIENTED_EDGE('',*,*,#1014,.F.);
#600=ORIENTED_EDGE('',*,*,#1010,.T.);
#601=ORIENTED_EDGE('',*,*,#1009,.T.);
#602=ORIENTED_EDGE('',*,*,#1019,.F.);
#603=ORIENTED_EDGE('',*,*,#1020,.T.);
#604=ORIENTED_EDGE('',*,*,#1021,.F.);
#605=ORIENTED_EDGE('',*,*,#1022,.F.);
#606=ORIENTED_EDGE('',*,*,#1023,.T.);
#607=ORIENTED_EDGE('',*,*,#1016,.T.);
#608=ORIENTED_EDGE('',*,*,#1000,.T.);
#609=ORIENTED_EDGE('',*,*,#1024,.T.);
#610=ORIENTED_EDGE('',*,*,#1025,.T.);
#611=ORIENTED_EDGE('',*,*,#1026,.F.);
#612=ORIENTED_EDGE('',*,*,#1027,.T.);
#613=ORIENTED_EDGE('',*,*,#1028,.T.);
#614=ORIENTED_EDGE('',*,*,#1029,.F.);
#615=ORIENTED_EDGE('',*,*,#1030,.F.);
#616=ORIENTED_EDGE('',*,*,#1031,.T.);
#617=ORIENTED_EDGE('',*,*,#1032,.T.);
#618=ORIENTED_EDGE('',*,*,#1033,.T.);
#619=ORIENTED_EDGE('',*,*,#1034,.T.);
#620=ORIENTED_EDGE('',*,*,#1035,.T.);
#621=ORIENTED_EDGE('',*,*,#1036,.F.);
#622=ORIENTED_EDGE('',*,*,#1037,.F.);
#623=ORIENTED_EDGE('',*,*,#996,.F.);
#624=ORIENTED_EDGE('',*,*,#1038,.F.);
#625=ORIENTED_EDGE('',*,*,#997,.F.);
#626=ORIENTED_EDGE('',*,*,#1038,.T.);
#627=ORIENTED_EDGE('',*,*,#999,.T.);
#628=ORIENTED_EDGE('',*,*,#1039,.F.);
#629=ORIENTED_EDGE('',*,*,#1040,.F.);
#630=ORIENTED_EDGE('',*,*,#1041,.F.);
#631=ORIENTED_EDGE('',*,*,#1042,.F.);
#632=ORIENTED_EDGE('',*,*,#1034,.F.);
#633=ORIENTED_EDGE('',*,*,#1043,.F.);
#634=ORIENTED_EDGE('',*,*,#1044,.T.);
#635=ORIENTED_EDGE('',*,*,#1045,.T.);
#636=ORIENTED_EDGE('',*,*,#1046,.F.);
#637=ORIENTED_EDGE('',*,*,#1028,.F.);
#638=ORIENTED_EDGE('',*,*,#1027,.F.);
#639=ORIENTED_EDGE('',*,*,#998,.T.);
#640=ORIENTED_EDGE('',*,*,#1039,.T.);
#641=ORIENTED_EDGE('',*,*,#1047,.T.);
#642=ORIENTED_EDGE('',*,*,#1048,.F.);
#643=ORIENTED_EDGE('',*,*,#1049,.F.);
#644=ORIENTED_EDGE('',*,*,#1031,.F.);
#645=ORIENTED_EDGE('',*,*,#1021,.T.);
#646=ORIENTED_EDGE('',*,*,#1050,.T.);
#647=ORIENTED_EDGE('',*,*,#1051,.T.);
#648=ORIENTED_EDGE('',*,*,#1052,.F.);
#649=ORIENTED_EDGE('',*,*,#1012,.F.);
#650=ORIENTED_EDGE('',*,*,#1053,.T.);
#651=ORIENTED_EDGE('',*,*,#1054,.T.);
#652=ORIENTED_EDGE('',*,*,#1055,.F.);
#653=ORIENTED_EDGE('',*,*,#1056,.F.);
#654=ORIENTED_EDGE('',*,*,#1057,.T.);
#655=ORIENTED_EDGE('',*,*,#1013,.F.);
#656=ORIENTED_EDGE('',*,*,#1058,.F.);
#657=ORIENTED_EDGE('',*,*,#1059,.F.);
#658=ORIENTED_EDGE('',*,*,#1055,.T.);
#659=ORIENTED_EDGE('',*,*,#1060,.T.);
#660=ORIENTED_EDGE('',*,*,#1061,.F.);
#661=ORIENTED_EDGE('',*,*,#1041,.T.);
#662=ORIENTED_EDGE('',*,*,#1062,.F.);
#663=ORIENTED_EDGE('',*,*,#1063,.F.);
#664=ORIENTED_EDGE('',*,*,#1064,.T.);
#665=ORIENTED_EDGE('',*,*,#1065,.T.);
#666=ORIENTED_EDGE('',*,*,#1066,.T.);
#667=ORIENTED_EDGE('',*,*,#1067,.F.);
#668=ORIENTED_EDGE('',*,*,#1064,.F.);
#669=ORIENTED_EDGE('',*,*,#1068,.T.);
#670=ORIENTED_EDGE('',*,*,#1069,.F.);
#671=ORIENTED_EDGE('',*,*,#1002,.F.);
#672=ORIENTED_EDGE('',*,*,#1018,.F.);
#673=ORIENTED_EDGE('',*,*,#1070,.F.);
#674=ORIENTED_EDGE('',*,*,#1071,.T.);
#675=ORIENTED_EDGE('',*,*,#1072,.T.);
#676=ORIENTED_EDGE('',*,*,#1045,.F.);
#677=ORIENTED_EDGE('',*,*,#1044,.F.);
#678=ORIENTED_EDGE('',*,*,#1073,.T.);
#679=ORIENTED_EDGE('',*,*,#1074,.F.);
#680=ORIENTED_EDGE('',*,*,#1075,.T.);
#681=ORIENTED_EDGE('',*,*,#1025,.F.);
#682=ORIENTED_EDGE('',*,*,#1076,.F.);
#683=ORIENTED_EDGE('',*,*,#1074,.T.);
#684=ORIENTED_EDGE('',*,*,#1022,.T.);
#685=ORIENTED_EDGE('',*,*,#1052,.T.);
#686=ORIENTED_EDGE('',*,*,#1077,.T.);
#687=ORIENTED_EDGE('',*,*,#1047,.F.);
#688=ORIENTED_EDGE('',*,*,#1030,.T.);
#689=ORIENTED_EDGE('',*,*,#1078,.F.);
#690=ORIENTED_EDGE('',*,*,#1071,.F.);
#691=ORIENTED_EDGE('',*,*,#1079,.T.);
#692=ORIENTED_EDGE('',*,*,#1080,.F.);
#693=ORIENTED_EDGE('',*,*,#1058,.T.);
#694=ORIENTED_EDGE('',*,*,#1081,.T.);
#695=ORIENTED_EDGE('',*,*,#1066,.F.);
#696=ORIENTED_EDGE('',*,*,#1082,.F.);
#697=ORIENTED_EDGE('',*,*,#1048,.T.);
#698=ORIENTED_EDGE('',*,*,#1077,.F.);
#699=ORIENTED_EDGE('',*,*,#1051,.F.);
#700=ORIENTED_EDGE('',*,*,#1060,.F.);
#701=ORIENTED_EDGE('',*,*,#1054,.F.);
#702=ORIENTED_EDGE('',*,*,#1083,.T.);
#703=ORIENTED_EDGE('',*,*,#1036,.T.);
#704=ORIENTED_EDGE('',*,*,#1084,.F.);
#705=ORIENTED_EDGE('',*,*,#1065,.F.);
#706=ORIENTED_EDGE('',*,*,#1067,.T.);
#707=ORIENTED_EDGE('',*,*,#1081,.F.);
#708=ORIENTED_EDGE('',*,*,#1050,.F.);
#709=ORIENTED_EDGE('',*,*,#1020,.F.);
#710=ORIENTED_EDGE('',*,*,#1085,.F.);
#711=ORIENTED_EDGE('',*,*,#1056,.T.);
#712=ORIENTED_EDGE('',*,*,#1059,.T.);
#713=ORIENTED_EDGE('',*,*,#1080,.T.);
#714=ORIENTED_EDGE('',*,*,#1032,.F.);
#715=ORIENTED_EDGE('',*,*,#1049,.T.);
#716=ORIENTED_EDGE('',*,*,#1082,.T.);
#717=ORIENTED_EDGE('',*,*,#1068,.F.);
#718=ORIENTED_EDGE('',*,*,#1063,.T.);
#719=ORIENTED_EDGE('',*,*,#1086,.T.);
#720=ORIENTED_EDGE('',*,*,#1043,.T.);
#721=ORIENTED_EDGE('',*,*,#1026,.T.);
#722=ORIENTED_EDGE('',*,*,#1075,.F.);
#723=ORIENTED_EDGE('',*,*,#1073,.F.);
#724=ORIENTED_EDGE('',*,*,#1029,.T.);
#725=ORIENTED_EDGE('',*,*,#1046,.T.);
#726=ORIENTED_EDGE('',*,*,#1072,.F.);
#727=ORIENTED_EDGE('',*,*,#1078,.T.);
#728=ORIENTED_EDGE('',*,*,#1035,.F.);
#729=ORIENTED_EDGE('',*,*,#1042,.T.);
#730=ORIENTED_EDGE('',*,*,#1061,.T.);
#731=ORIENTED_EDGE('',*,*,#1084,.T.);
#732=ORIENTED_EDGE('',*,*,#1062,.T.);
#733=ORIENTED_EDGE('',*,*,#1040,.T.);
#734=ORIENTED_EDGE('',*,*,#1033,.F.);
#735=ORIENTED_EDGE('',*,*,#1086,.F.);
#736=ORIENTED_EDGE('',*,*,#1003,.F.);
#737=ORIENTED_EDGE('',*,*,#1069,.T.);
#738=ORIENTED_EDGE('',*,*,#1076,.T.);
#739=ORIENTED_EDGE('',*,*,#1024,.F.);
#740=ORIENTED_EDGE('',*,*,#1017,.F.);
#741=ORIENTED_EDGE('',*,*,#1023,.F.);
#742=ORIENTED_EDGE('',*,*,#1079,.F.);
#743=ORIENTED_EDGE('',*,*,#1070,.T.);
#744=ORIENTED_EDGE('',*,*,#1053,.F.);
#745=ORIENTED_EDGE('',*,*,#1011,.T.);
#746=ORIENTED_EDGE('',*,*,#1037,.T.);
#747=ORIENTED_EDGE('',*,*,#1083,.F.);
#748=ORIENTED_EDGE('',*,*,#1019,.T.);
#749=ORIENTED_EDGE('',*,*,#1008,.T.);
#750=ORIENTED_EDGE('',*,*,#1057,.F.);
#751=ORIENTED_EDGE('',*,*,#1085,.T.);
#752=ORIENTED_EDGE('',*,*,#1006,.T.);
#753=ORIENTED_EDGE('',*,*,#1015,.T.);
#754=EDGE_CURVE('',#1087,#1088,#1311,.T.);
#755=EDGE_CURVE('',#1089,#1087,#1312,.T.);
#756=EDGE_CURVE('',#1089,#1090,#1313,.T.);
#757=EDGE_CURVE('',#1090,#1088,#1314,.T.);
#758=EDGE_CURVE('',#1087,#1091,#1315,.T.);
#759=EDGE_CURVE('',#1092,#1091,#1316,.T.);
#760=EDGE_CURVE('',#1089,#1092,#1317,.T.);
#761=EDGE_CURVE('',#1091,#1093,#1318,.T.);
#762=EDGE_CURVE('',#1094,#1093,#1319,.T.);
#763=EDGE_CURVE('',#1092,#1094,#1320,.T.);
#764=EDGE_CURVE('',#1088,#1093,#1321,.T.);
#765=EDGE_CURVE('',#1090,#1094,#1322,.T.);
#766=EDGE_CURVE('',#1095,#1096,#19,.T.);
#767=EDGE_CURVE('',#1096,#1097,#10,.T.);
#768=EDGE_CURVE('',#1098,#1097,#20,.T.);
#769=EDGE_CURVE('',#1095,#1098,#11,.T.);
#770=EDGE_CURVE('',#1099,#1100,#21,.T.);
#771=EDGE_CURVE('',#1100,#1101,#12,.T.);
#772=EDGE_CURVE('',#1102,#1101,#22,.T.);
#773=EDGE_CURVE('',#1099,#1102,#13,.T.);
#774=EDGE_CURVE('',#1103,#1104,#1323,.F.);
#775=EDGE_CURVE('',#1103,#1105,#1324,.T.);
#776=EDGE_CURVE('',#1106,#1105,#1325,.T.);
#777=EDGE_CURVE('',#1104,#1106,#1326,.T.);
#778=EDGE_CURVE('',#1107,#1108,#1327,.T.);
#779=EDGE_CURVE('',#1109,#1107,#1328,.T.);
#780=EDGE_CURVE('',#1109,#1110,#1329,.T.);
#781=EDGE_CURVE('',#1110,#1108,#1330,.T.);
#782=EDGE_CURVE('',#1111,#1112,#1331,.T.);
#783=EDGE_CURVE('',#1111,#1113,#1332,.F.);
#784=EDGE_CURVE('',#1113,#1114,#1333,.T.);
#785=EDGE_CURVE('',#1114,#1112,#1334,.T.);
#786=EDGE_CURVE('',#1115,#1116,#1335,.T.);
#787=EDGE_CURVE('',#1116,#1117,#1336,.T.);
#788=EDGE_CURVE('',#1118,#1117,#1337,.T.);
#789=EDGE_CURVE('',#1115,#1118,#1338,.T.);
#790=EDGE_CURVE('',#1101,#1102,#23,.T.);
#791=EDGE_CURVE('',#1097,#1098,#24,.T.);
#792=EDGE_CURVE('',#1119,#1117,#25,.T.);
#793=EDGE_CURVE('',#1111,#1119,#26,.T.);
#794=EDGE_CURVE('',#1105,#1112,#1339,.T.);
#795=EDGE_CURVE('',#1108,#1103,#27,.T.);
#796=EDGE_CURVE('',#1110,#1118,#1340,.T.);
#797=EDGE_CURVE('',#1120,#1121,#1341,.T.);
#798=EDGE_CURVE('',#1122,#1120,#1342,.T.);
#799=EDGE_CURVE('',#1122,#1123,#1343,.T.);
#800=EDGE_CURVE('',#1123,#1121,#1344,.T.);
#801=EDGE_CURVE('',#1124,#1125,#1345,.T.);
#802=EDGE_CURVE('',#1126,#1124,#1346,.T.);
#803=EDGE_CURVE('',#1126,#1127,#1347,.T.);
#804=EDGE_CURVE('',#1127,#1125,#1348,.T.);
#805=EDGE_CURVE('',#1128,#1129,#1349,.T.);
#806=EDGE_CURVE('',#1130,#1128,#1350,.T.);
#807=EDGE_CURVE('',#1130,#1131,#1351,.T.);
#808=EDGE_CURVE('',#1131,#1129,#1352,.T.);
#809=EDGE_CURVE('',#1132,#1133,#1353,.T.);
#810=EDGE_CURVE('',#1134,#1132,#1354,.T.);
#811=EDGE_CURVE('',#1134,#1135,#1355,.T.);
#812=EDGE_CURVE('',#1135,#1133,#1356,.T.);
#813=EDGE_CURVE('',#1136,#1137,#1357,.T.);
#814=EDGE_CURVE('',#1138,#1136,#1358,.T.);
#815=EDGE_CURVE('',#1138,#1139,#1359,.T.);
#816=EDGE_CURVE('',#1139,#1137,#1360,.T.);
#817=EDGE_CURVE('',#1140,#1141,#1361,.T.);
#818=EDGE_CURVE('',#1142,#1140,#1362,.T.);
#819=EDGE_CURVE('',#1142,#1143,#1363,.T.);
#820=EDGE_CURVE('',#1143,#1141,#1364,.T.);
#821=EDGE_CURVE('',#1144,#1145,#1365,.T.);
#822=EDGE_CURVE('',#1146,#1144,#1366,.T.);
#823=EDGE_CURVE('',#1146,#1147,#1367,.T.);
#824=EDGE_CURVE('',#1147,#1145,#1368,.T.);
#825=EDGE_CURVE('',#1148,#1149,#1369,.T.);
#826=EDGE_CURVE('',#1150,#1148,#1370,.T.);
#827=EDGE_CURVE('',#1150,#1151,#1371,.T.);
#828=EDGE_CURVE('',#1151,#1149,#1372,.T.);
#829=EDGE_CURVE('',#1152,#1153,#1373,.T.);
#830=EDGE_CURVE('',#1154,#1152,#1374,.T.);
#831=EDGE_CURVE('',#1154,#1155,#1375,.T.);
#832=EDGE_CURVE('',#1155,#1153,#1376,.T.);
#833=EDGE_CURVE('',#1156,#1157,#1377,.T.);
#834=EDGE_CURVE('',#1158,#1156,#1378,.T.);
#835=EDGE_CURVE('',#1158,#1159,#1379,.T.);
#836=EDGE_CURVE('',#1159,#1157,#1380,.T.);
#837=EDGE_CURVE('',#1160,#1161,#1381,.T.);
#838=EDGE_CURVE('',#1162,#1160,#1382,.T.);
#839=EDGE_CURVE('',#1162,#1163,#1383,.T.);
#840=EDGE_CURVE('',#1163,#1161,#1384,.T.);
#841=EDGE_CURVE('',#1164,#1165,#1385,.T.);
#842=EDGE_CURVE('',#1166,#1164,#1386,.T.);
#843=EDGE_CURVE('',#1166,#1167,#1387,.T.);
#844=EDGE_CURVE('',#1167,#1165,#1388,.T.);
#845=EDGE_CURVE('',#1168,#1169,#1389,.T.);
#846=EDGE_CURVE('',#1170,#1168,#1390,.T.);
#847=EDGE_CURVE('',#1170,#1171,#1391,.T.);
#848=EDGE_CURVE('',#1171,#1169,#1392,.T.);
#849=EDGE_CURVE('',#1172,#1173,#1393,.T.);
#850=EDGE_CURVE('',#1174,#1172,#1394,.T.);
#851=EDGE_CURVE('',#1174,#1175,#1395,.T.);
#852=EDGE_CURVE('',#1175,#1173,#1396,.T.);
#853=EDGE_CURVE('',#1176,#1177,#1397,.T.);
#854=EDGE_CURVE('',#1178,#1176,#1398,.T.);
#855=EDGE_CURVE('',#1178,#1179,#1399,.T.);
#856=EDGE_CURVE('',#1179,#1177,#1400,.T.);
#857=EDGE_CURVE('',#1180,#1181,#1401,.T.);
#858=EDGE_CURVE('',#1182,#1181,#1402,.T.);
#859=EDGE_CURVE('',#1183,#1182,#1403,.T.);
#860=EDGE_CURVE('',#1183,#1180,#1404,.T.);
#861=EDGE_CURVE('',#1096,#1095,#28,.T.);
#862=EDGE_CURVE('',#1100,#1099,#29,.T.);
#863=EDGE_CURVE('',#1113,#1184,#30,.T.);
#864=EDGE_CURVE('',#1184,#1116,#31,.T.);
#865=EDGE_CURVE('',#1109,#1115,#1405,.T.);
#866=EDGE_CURVE('',#1107,#1104,#32,.T.);
#867=EDGE_CURVE('',#1106,#1114,#1406,.T.);
#868=EDGE_CURVE('',#1185,#1186,#1407,.T.);
#869=EDGE_CURVE('',#1187,#1185,#1408,.T.);
#870=EDGE_CURVE('',#1187,#1188,#1409,.T.);
#871=EDGE_CURVE('',#1188,#1186,#1410,.T.);
#872=EDGE_CURVE('',#1189,#1190,#1411,.T.);
#873=EDGE_CURVE('',#1191,#1189,#1412,.T.);
#874=EDGE_CURVE('',#1191,#1192,#1413,.T.);
#875=EDGE_CURVE('',#1192,#1190,#1414,.T.);
#876=EDGE_CURVE('',#1193,#1194,#1415,.T.);
#877=EDGE_CURVE('',#1195,#1193,#1416,.T.);
#878=EDGE_CURVE('',#1195,#1196,#1417,.T.);
#879=EDGE_CURVE('',#1196,#1194,#1418,.T.);
#880=EDGE_CURVE('',#1197,#1198,#1419,.T.);
#881=EDGE_CURVE('',#1199,#1197,#1420,.T.);
#882=EDGE_CURVE('',#1199,#1200,#1421,.T.);
#883=EDGE_CURVE('',#1200,#1198,#1422,.T.);
#884=EDGE_CURVE('',#1201,#1202,#1423,.T.);
#885=EDGE_CURVE('',#1203,#1201,#1424,.T.);
#886=EDGE_CURVE('',#1203,#1204,#1425,.T.);
#887=EDGE_CURVE('',#1204,#1202,#1426,.T.);
#888=EDGE_CURVE('',#1205,#1206,#1427,.T.);
#889=EDGE_CURVE('',#1207,#1205,#1428,.T.);
#890=EDGE_CURVE('',#1207,#1208,#1429,.T.);
#891=EDGE_CURVE('',#1208,#1206,#1430,.T.);
#892=EDGE_CURVE('',#1209,#1210,#1431,.T.);
#893=EDGE_CURVE('',#1211,#1209,#1432,.T.);
#894=EDGE_CURVE('',#1211,#1212,#1433,.T.);
#895=EDGE_CURVE('',#1212,#1210,#1434,.T.);
#896=EDGE_CURVE('',#1213,#1214,#1435,.T.);
#897=EDGE_CURVE('',#1215,#1213,#1436,.T.);
#898=EDGE_CURVE('',#1215,#1216,#1437,.T.);
#899=EDGE_CURVE('',#1216,#1214,#1438,.T.);
#900=EDGE_CURVE('',#1217,#1218,#1439,.T.);
#901=EDGE_CURVE('',#1219,#1217,#1440,.T.);
#902=EDGE_CURVE('',#1219,#1220,#1441,.T.);
#903=EDGE_CURVE('',#1220,#1218,#1442,.T.);
#904=EDGE_CURVE('',#1221,#1222,#1443,.T.);
#905=EDGE_CURVE('',#1223,#1221,#1444,.T.);
#906=EDGE_CURVE('',#1223,#1224,#1445,.T.);
#907=EDGE_CURVE('',#1224,#1222,#1446,.T.);
#908=EDGE_CURVE('',#1225,#1226,#1447,.T.);
#909=EDGE_CURVE('',#1227,#1225,#1448,.T.);
#910=EDGE_CURVE('',#1227,#1228,#1449,.T.);
#911=EDGE_CURVE('',#1228,#1226,#1450,.T.);
#912=EDGE_CURVE('',#1229,#1230,#1451,.T.);
#913=EDGE_CURVE('',#1231,#1229,#1452,.T.);
#914=EDGE_CURVE('',#1231,#1232,#1453,.T.);
#915=EDGE_CURVE('',#1232,#1230,#1454,.T.);
#916=EDGE_CURVE('',#1233,#1234,#1455,.T.);
#917=EDGE_CURVE('',#1235,#1233,#1456,.T.);
#918=EDGE_CURVE('',#1235,#1236,#1457,.T.);
#919=EDGE_CURVE('',#1236,#1234,#1458,.T.);
#920=EDGE_CURVE('',#1237,#1238,#1459,.T.);
#921=EDGE_CURVE('',#1239,#1237,#1460,.T.);
#922=EDGE_CURVE('',#1239,#1240,#1461,.T.);
#923=EDGE_CURVE('',#1240,#1238,#1462,.T.);
#924=EDGE_CURVE('',#1241,#1242,#1463,.T.);
#925=EDGE_CURVE('',#1243,#1241,#1464,.T.);
#926=EDGE_CURVE('',#1243,#1244,#1465,.T.);
#927=EDGE_CURVE('',#1244,#1242,#1466,.T.);
#928=EDGE_CURVE('',#1245,#1246,#1467,.T.);
#929=EDGE_CURVE('',#1247,#1246,#1468,.T.);
#930=EDGE_CURVE('',#1248,#1247,#1469,.T.);
#931=EDGE_CURVE('',#1248,#1245,#1470,.T.);
#932=EDGE_CURVE('',#1242,#1178,#1471,.T.);
#933=EDGE_CURVE('',#1241,#1176,#1472,.T.);
#934=EDGE_CURVE('',#1244,#1179,#1473,.T.);
#935=EDGE_CURVE('',#1243,#1177,#1474,.T.);
#936=EDGE_CURVE('',#1238,#1174,#1475,.T.);
#937=EDGE_CURVE('',#1237,#1172,#1476,.T.);
#938=EDGE_CURVE('',#1240,#1175,#1477,.T.);
#939=EDGE_CURVE('',#1239,#1173,#1478,.T.);
#940=EDGE_CURVE('',#1234,#1170,#1479,.T.);
#941=EDGE_CURVE('',#1233,#1168,#1480,.T.);
#942=EDGE_CURVE('',#1236,#1171,#1481,.T.);
#943=EDGE_CURVE('',#1235,#1169,#1482,.T.);
#944=EDGE_CURVE('',#1230,#1166,#1483,.T.);
#945=EDGE_CURVE('',#1229,#1164,#1484,.T.);
#946=EDGE_CURVE('',#1232,#1167,#1485,.T.);
#947=EDGE_CURVE('',#1231,#1165,#1486,.T.);
#948=EDGE_CURVE('',#1226,#1162,#1487,.T.);
#949=EDGE_CURVE('',#1225,#1160,#1488,.T.);
#950=EDGE_CURVE('',#1228,#1163,#1489,.T.);
#951=EDGE_CURVE('',#1227,#1161,#1490,.T.);
#952=EDGE_CURVE('',#1222,#1158,#1491,.T.);
#953=EDGE_CURVE('',#1221,#1156,#1492,.T.);
#954=EDGE_CURVE('',#1224,#1159,#1493,.T.);
#955=EDGE_CURVE('',#1223,#1157,#1494,.T.);
#956=EDGE_CURVE('',#1218,#1154,#1495,.T.);
#957=EDGE_CURVE('',#1217,#1152,#1496,.T.);
#958=EDGE_CURVE('',#1220,#1155,#1497,.T.);
#959=EDGE_CURVE('',#1219,#1153,#1498,.T.);
#960=EDGE_CURVE('',#1214,#1150,#1499,.T.);
#961=EDGE_CURVE('',#1213,#1148,#1500,.T.);
#962=EDGE_CURVE('',#1216,#1151,#1501,.T.);
#963=EDGE_CURVE('',#1215,#1149,#1502,.T.);
#964=EDGE_CURVE('',#1210,#1146,#1503,.T.);
#965=EDGE_CURVE('',#1209,#1144,#1504,.T.);
#966=EDGE_CURVE('',#1212,#1147,#1505,.T.);
#967=EDGE_CURVE('',#1211,#1145,#1506,.T.);
#968=EDGE_CURVE('',#1206,#1142,#1507,.T.);
#969=EDGE_CURVE('',#1205,#1140,#1508,.T.);
#970=EDGE_CURVE('',#1208,#1143,#1509,.T.);
#971=EDGE_CURVE('',#1207,#1141,#1510,.T.);
#972=EDGE_CURVE('',#1202,#1138,#1511,.T.);
#973=EDGE_CURVE('',#1201,#1136,#1512,.T.);
#974=EDGE_CURVE('',#1204,#1139,#1513,.T.);
#975=EDGE_CURVE('',#1203,#1137,#1514,.T.);
#976=EDGE_CURVE('',#1198,#1134,#1515,.T.);
#977=EDGE_CURVE('',#1197,#1132,#1516,.T.);
#978=EDGE_CURVE('',#1200,#1135,#1517,.T.);
#979=EDGE_CURVE('',#1199,#1133,#1518,.T.);
#980=EDGE_CURVE('',#1194,#1130,#1519,.T.);
#981=EDGE_CURVE('',#1193,#1128,#1520,.T.);
#982=EDGE_CURVE('',#1196,#1131,#1521,.T.);
#983=EDGE_CURVE('',#1195,#1129,#1522,.T.);
#984=EDGE_CURVE('',#1190,#1126,#1523,.T.);
#985=EDGE_CURVE('',#1189,#1124,#1524,.T.);
#986=EDGE_CURVE('',#1192,#1127,#1525,.T.);
#987=EDGE_CURVE('',#1191,#1125,#1526,.T.);
#988=EDGE_CURVE('',#1186,#1122,#1527,.T.);
#989=EDGE_CURVE('',#1185,#1120,#1528,.T.);
#990=EDGE_CURVE('',#1188,#1123,#1529,.T.);
#991=EDGE_CURVE('',#1187,#1121,#1530,.T.);
#992=EDGE_CURVE('',#1246,#1180,#1531,.T.);
#993=EDGE_CURVE('',#1247,#1183,#1532,.T.);
#994=EDGE_CURVE('',#1248,#1182,#1533,.T.);
#995=EDGE_CURVE('',#1245,#1181,#1534,.T.);
#996=EDGE_CURVE('',#1249,#1250,#33,.T.);
#997=EDGE_CURVE('',#1250,#1251,#14,.T.);
#998=EDGE_CURVE('',#1252,#1251,#34,.T.);
#999=EDGE_CURVE('',#1249,#1252,#15,.T.);
#1000=EDGE_CURVE('',#1253,#1254,#35,.T.);
#1001=EDGE_CURVE('',#1253,#1255,#16,.T.);
#1002=EDGE_CURVE('',#1255,#1256,#36,.T.);
#1003=EDGE_CURVE('',#1256,#1254,#1535,.F.);
#1004=EDGE_CURVE('',#1257,#1258,#37,.T.);
#1005=EDGE_CURVE('',#1258,#1259,#17,.T.);
#1006=EDGE_CURVE('',#1260,#1259,#38,.T.);
#1007=EDGE_CURVE('',#1257,#1260,#18,.T.);
#1008=EDGE_CURVE('',#1261,#1262,#1536,.T.);
#1009=EDGE_CURVE('',#1263,#1261,#39,.T.);
#1010=EDGE_CURVE('',#1264,#1263,#40,.T.);
#1011=EDGE_CURVE('',#1265,#1264,#1537,.F.);
#1012=EDGE_CURVE('',#1265,#1266,#41,.T.);
#1013=EDGE_CURVE('',#1266,#1262,#42,.T.);
#1014=EDGE_CURVE('',#1258,#1257,#43,.T.);
#1015=EDGE_CURVE('',#1259,#1260,#44,.T.);
#1016=EDGE_CURVE('',#1267,#1253,#45,.T.);
#1017=EDGE_CURVE('',#1267,#1268,#1538,.T.);
#1018=EDGE_CURVE('',#1268,#1255,#46,.T.);
#1019=EDGE_CURVE('',#1269,#1261,#1539,.T.);
#1020=EDGE_CURVE('',#1269,#1270,#1540,.T.);
#1021=EDGE_CURVE('',#1271,#1270,#1541,.T.);
#1022=EDGE_CURVE('',#1272,#1271,#1542,.T.);
#1023=EDGE_CURVE('',#1272,#1267,#1543,.T.);
#1024=EDGE_CURVE('',#1254,#1273,#1544,.T.);
#1025=EDGE_CURVE('',#1273,#1274,#1545,.T.);
#1026=EDGE_CURVE('',#1275,#1274,#1546,.T.);
#1027=EDGE_CURVE('',#1275,#1276,#47,.T.);
#1028=EDGE_CURVE('',#1276,#1277,#48,.T.);
#1029=EDGE_CURVE('',#1278,#1277,#1547,.T.);
#1030=EDGE_CURVE('',#1279,#1278,#1548,.T.);
#1031=EDGE_CURVE('',#1279,#1280,#1549,.T.);
#1032=EDGE_CURVE('',#1280,#1281,#1550,.T.);
#1033=EDGE_CURVE('',#1281,#1282,#1551,.T.);
#1034=EDGE_CURVE('',#1282,#1283,#49,.T.);
#1035=EDGE_CURVE('',#1283,#1284,#1552,.T.);
#1036=EDGE_CURVE('',#1285,#1284,#1553,.T.);
#1037=EDGE_CURVE('',#1264,#1285,#1554,.T.);
#1038=EDGE_CURVE('',#1250,#1249,#50,.T.);
#1039=EDGE_CURVE('',#1251,#1252,#51,.T.);
#1040=EDGE_CURVE('',#1286,#1282,#1555,.F.);
#1041=EDGE_CURVE('',#1287,#1286,#52,.F.);
#1042=EDGE_CURVE('',#1283,#1287,#1556,.T.);
#1043=EDGE_CURVE('',#1288,#1275,#1557,.T.);
#1044=EDGE_CURVE('',#1288,#1289,#53,.T.);
#1045=EDGE_CURVE('',#1289,#1290,#54,.T.);
#1046=EDGE_CURVE('',#1277,#1290,#1558,.F.);
#1047=EDGE_CURVE('',#1279,#1291,#1559,.T.);
#1048=EDGE_CURVE('',#1292,#1291,#1560,.T.);
#1049=EDGE_CURVE('',#1280,#1292,#1561,.T.);
#1050=EDGE_CURVE('',#1270,#1293,#1562,.T.);
#1051=EDGE_CURVE('',#1293,#1294,#1563,.T.);
#1052=EDGE_CURVE('',#1271,#1294,#1564,.T.);
#1053=EDGE_CURVE('',#1265,#1295,#1565,.T.);
#1054=EDGE_CURVE('',#1295,#1296,#1566,.T.);
#1055=EDGE_CURVE('',#1297,#1296,#1567,.T.);
#1056=EDGE_CURVE('',#1298,#1297,#1568,.T.);
#1057=EDGE_CURVE('',#1298,#1262,#1569,.T.);
#1058=EDGE_CURVE('',#1299,#1300,#1570,.T.);
#1059=EDGE_CURVE('',#1297,#1299,#1571,.T.);
#1060=EDGE_CURVE('',#1296,#1300,#1572,.T.);
#1061=EDGE_CURVE('',#1287,#1301,#1573,.T.);
#1062=EDGE_CURVE('',#1302,#1286,#1574,.T.);
#1063=EDGE_CURVE('',#1303,#1302,#1575,.T.);
#1064=EDGE_CURVE('',#1303,#1304,#1576,.T.);
#1065=EDGE_CURVE('',#1304,#1301,#1577,.T.);
#1066=EDGE_CURVE('',#1305,#1306,#1578,.T.);
#1067=EDGE_CURVE('',#1304,#1306,#1579,.T.);
#1068=EDGE_CURVE('',#1303,#1305,#1580,.T.);
#1069=EDGE_CURVE('',#1256,#1307,#1581,.T.);
#1070=EDGE_CURVE('',#1308,#1268,#1582,.T.);
#1071=EDGE_CURVE('',#1308,#1309,#1583,.T.);
#1072=EDGE_CURVE('',#1309,#1290,#1584,.T.);
#1073=EDGE_CURVE('',#1288,#1310,#1585,.T.);
#1074=EDGE_CURVE('',#1307,#1310,#1586,.T.);
#1075=EDGE_CURVE('',#1310,#1274,#1587,.T.);
#1076=EDGE_CURVE('',#1307,#1273,#1588,.T.);
#1077=EDGE_CURVE('',#1294,#1291,#1589,.T.);
#1078=EDGE_CURVE('',#1309,#1278,#1590,.T.);
#1079=EDGE_CURVE('',#1308,#1272,#1591,.T.);
#1080=EDGE_CURVE('',#1299,#1293,#1592,.T.);
#1081=EDGE_CURVE('',#1300,#1306,#1593,.T.);
#1082=EDGE_CURVE('',#1292,#1305,#1594,.T.);
#1083=EDGE_CURVE('',#1295,#1285,#1595,.T.);
#1084=EDGE_CURVE('',#1301,#1284,#1596,.T.);
#1085=EDGE_CURVE('',#1298,#1269,#1597,.T.);
#1086=EDGE_CURVE('',#1302,#1281,#1598,.T.);
#1087=VERTEX_POINT('',#2868);
#1088=VERTEX_POINT('',#2869);
#1089=VERTEX_POINT('',#2871);
#1090=VERTEX_POINT('',#2873);
#1091=VERTEX_POINT('',#2880);
#1092=VERTEX_POINT('',#2882);
#1093=VERTEX_POINT('',#2889);
#1094=VERTEX_POINT('',#2891);
#1095=VERTEX_POINT('',#2917);
#1096=VERTEX_POINT('',#2918);
#1097=VERTEX_POINT('',#2921);
#1098=VERTEX_POINT('',#2923);
#1099=VERTEX_POINT('',#2935);
#1100=VERTEX_POINT('',#2936);
#1101=VERTEX_POINT('',#2939);
#1102=VERTEX_POINT('',#2941);
#1103=VERTEX_POINT('',#2949);
#1104=VERTEX_POINT('',#2950);
#1105=VERTEX_POINT('',#2952);
#1106=VERTEX_POINT('',#2954);
#1107=VERTEX_POINT('',#2961);
#1108=VERTEX_POINT('',#2962);
#1109=VERTEX_POINT('',#2964);
#1110=VERTEX_POINT('',#2966);
#1111=VERTEX_POINT('',#2973);
#1112=VERTEX_POINT('',#2974);
#1113=VERTEX_POINT('',#2976);
#1114=VERTEX_POINT('',#2978);
#1115=VERTEX_POINT('',#2985);
#1116=VERTEX_POINT('',#2986);
#1117=VERTEX_POINT('',#2988);
#1118=VERTEX_POINT('',#2990);
#1119=VERTEX_POINT('',#2999);
#1120=VERTEX_POINT('',#3005);
#1121=VERTEX_POINT('',#3006);
#1122=VERTEX_POINT('',#3008);
#1123=VERTEX_POINT('',#3010);
#1124=VERTEX_POINT('',#3013);
#1125=VERTEX_POINT('',#3014);
#1126=VERTEX_POINT('',#3016);
#1127=VERTEX_POINT('',#3018);
#1128=VERTEX_POINT('',#3021);
#1129=VERTEX_POINT('',#3022);
#1130=VERTEX_POINT('',#3024);
#1131=VERTEX_POINT('',#3026);
#1132=VERTEX_POINT('',#3029);
#1133=VERTEX_POINT('',#3030);
#1134=VERTEX_POINT('',#3032);
#1135=VERTEX_POINT('',#3034);
#1136=VERTEX_POINT('',#3037);
#1137=VERTEX_POINT('',#3038);
#1138=VERTEX_POINT('',#3040);
#1139=VERTEX_POINT('',#3042);
#1140=VERTEX_POINT('',#3045);
#1141=VERTEX_POINT('',#3046);
#1142=VERTEX_POINT('',#3048);
#1143=VERTEX_POINT('',#3050);
#1144=VERTEX_POINT('',#3053);
#1145=VERTEX_POINT('',#3054);
#1146=VERTEX_POINT('',#3056);
#1147=VERTEX_POINT('',#3058);
#1148=VERTEX_POINT('',#3061);
#1149=VERTEX_POINT('',#3062);
#1150=VERTEX_POINT('',#3064);
#1151=VERTEX_POINT('',#3066);
#1152=VERTEX_POINT('',#3069);
#1153=VERTEX_POINT('',#3070);
#1154=VERTEX_POINT('',#3072);
#1155=VERTEX_POINT('',#3074);
#1156=VERTEX_POINT('',#3077);
#1157=VERTEX_POINT('',#3078);
#1158=VERTEX_POINT('',#3080);
#1159=VERTEX_POINT('',#3082);
#1160=VERTEX_POINT('',#3085);
#1161=VERTEX_POINT('',#3086);
#1162=VERTEX_POINT('',#3088);
#1163=VERTEX_POINT('',#3090);
#1164=VERTEX_POINT('',#3093);
#1165=VERTEX_POINT('',#3094);
#1166=VERTEX_POINT('',#3096);
#1167=VERTEX_POINT('',#3098);
#1168=VERTEX_POINT('',#3101);
#1169=VERTEX_POINT('',#3102);
#1170=VERTEX_POINT('',#3104);
#1171=VERTEX_POINT('',#3106);
#1172=VERTEX_POINT('',#3109);
#1173=VERTEX_POINT('',#3110);
#1174=VERTEX_POINT('',#3112);
#1175=VERTEX_POINT('',#3114);
#1176=VERTEX_POINT('',#3117);
#1177=VERTEX_POINT('',#3118);
#1178=VERTEX_POINT('',#3120);
#1179=VERTEX_POINT('',#3122);
#1180=VERTEX_POINT('',#3125);
#1181=VERTEX_POINT('',#3126);
#1182=VERTEX_POINT('',#3128);
#1183=VERTEX_POINT('',#3130);
#1184=VERTEX_POINT('',#3139);
#1185=VERTEX_POINT('',#3145);
#1186=VERTEX_POINT('',#3146);
#1187=VERTEX_POINT('',#3148);
#1188=VERTEX_POINT('',#3150);
#1189=VERTEX_POINT('',#3153);
#1190=VERTEX_POINT('',#3154);
#1191=VERTEX_POINT('',#3156);
#1192=VERTEX_POINT('',#3158);
#1193=VERTEX_POINT('',#3161);
#1194=VERTEX_POINT('',#3162);
#1195=VERTEX_POINT('',#3164);
#1196=VERTEX_POINT('',#3166);
#1197=VERTEX_POINT('',#3169);
#1198=VERTEX_POINT('',#3170);
#1199=VERTEX_POINT('',#3172);
#1200=VERTEX_POINT('',#3174);
#1201=VERTEX_POINT('',#3177);
#1202=VERTEX_POINT('',#3178);
#1203=VERTEX_POINT('',#3180);
#1204=VERTEX_POINT('',#3182);
#1205=VERTEX_POINT('',#3185);
#1206=VERTEX_POINT('',#3186);
#1207=VERTEX_POINT('',#3188);
#1208=VERTEX_POINT('',#3190);
#1209=VERTEX_POINT('',#3193);
#1210=VERTEX_POINT('',#3194);
#1211=VERTEX_POINT('',#3196);
#1212=VERTEX_POINT('',#3198);
#1213=VERTEX_POINT('',#3201);
#1214=VERTEX_POINT('',#3202);
#1215=VERTEX_POINT('',#3204);
#1216=VERTEX_POINT('',#3206);
#1217=VERTEX_POINT('',#3209);
#1218=VERTEX_POINT('',#3210);
#1219=VERTEX_POINT('',#3212);
#1220=VERTEX_POINT('',#3214);
#1221=VERTEX_POINT('',#3217);
#1222=VERTEX_POINT('',#3218);
#1223=VERTEX_POINT('',#3220);
#1224=VERTEX_POINT('',#3222);
#1225=VERTEX_POINT('',#3225);
#1226=VERTEX_POINT('',#3226);
#1227=VERTEX_POINT('',#3228);
#1228=VERTEX_POINT('',#3230);
#1229=VERTEX_POINT('',#3233);
#1230=VERTEX_POINT('',#3234);
#1231=VERTEX_POINT('',#3236);
#1232=VERTEX_POINT('',#3238);
#1233=VERTEX_POINT('',#3241);
#1234=VERTEX_POINT('',#3242);
#1235=VERTEX_POINT('',#3244);
#1236=VERTEX_POINT('',#3246);
#1237=VERTEX_POINT('',#3249);
#1238=VERTEX_POINT('',#3250);
#1239=VERTEX_POINT('',#3252);
#1240=VERTEX_POINT('',#3254);
#1241=VERTEX_POINT('',#3257);
#1242=VERTEX_POINT('',#3258);
#1243=VERTEX_POINT('',#3260);
#1244=VERTEX_POINT('',#3262);
#1245=VERTEX_POINT('',#3265);
#1246=VERTEX_POINT('',#3266);
#1247=VERTEX_POINT('',#3268);
#1248=VERTEX_POINT('',#3270);
#1249=VERTEX_POINT('',#3642);
#1250=VERTEX_POINT('',#3643);
#1251=VERTEX_POINT('',#3646);
#1252=VERTEX_POINT('',#3648);
#1253=VERTEX_POINT('',#3660);
#1254=VERTEX_POINT('',#3661);
#1255=VERTEX_POINT('',#3664);
#1256=VERTEX_POINT('',#3666);
#1257=VERTEX_POINT('',#3677);
#1258=VERTEX_POINT('',#3678);
#1259=VERTEX_POINT('',#3681);
#1260=VERTEX_POINT('',#3683);
#1261=VERTEX_POINT('',#3701);
#1262=VERTEX_POINT('',#3702);
#1263=VERTEX_POINT('',#3704);
#1264=VERTEX_POINT('',#3706);
#1265=VERTEX_POINT('',#3708);
#1266=VERTEX_POINT('',#3710);
#1267=VERTEX_POINT('',#3731);
#1268=VERTEX_POINT('',#3733);
#1269=VERTEX_POINT('',#3740);
#1270=VERTEX_POINT('',#3742);
#1271=VERTEX_POINT('',#3744);
#1272=VERTEX_POINT('',#3746);
#1273=VERTEX_POINT('',#3749);
#1274=VERTEX_POINT('',#3751);
#1275=VERTEX_POINT('',#3753);
#1276=VERTEX_POINT('',#3755);
#1277=VERTEX_POINT('',#3757);
#1278=VERTEX_POINT('',#3759);
#1279=VERTEX_POINT('',#3761);
#1280=VERTEX_POINT('',#3763);
#1281=VERTEX_POINT('',#3765);
#1282=VERTEX_POINT('',#3767);
#1283=VERTEX_POINT('',#3769);
#1284=VERTEX_POINT('',#3771);
#1285=VERTEX_POINT('',#3773);
#1286=VERTEX_POINT('',#3794);
#1287=VERTEX_POINT('',#3796);
#1288=VERTEX_POINT('',#3807);
#1289=VERTEX_POINT('',#3809);
#1290=VERTEX_POINT('',#3811);
#1291=VERTEX_POINT('',#3822);
#1292=VERTEX_POINT('',#3824);
#1293=VERTEX_POINT('',#3831);
#1294=VERTEX_POINT('',#3833);
#1295=VERTEX_POINT('',#3840);
#1296=VERTEX_POINT('',#3842);
#1297=VERTEX_POINT('',#3844);
#1298=VERTEX_POINT('',#3846);
#1299=VERTEX_POINT('',#3853);
#1300=VERTEX_POINT('',#3854);
#1301=VERTEX_POINT('',#3862);
#1302=VERTEX_POINT('',#3864);
#1303=VERTEX_POINT('',#3866);
#1304=VERTEX_POINT('',#3868);
#1305=VERTEX_POINT('',#3875);
#1306=VERTEX_POINT('',#3876);
#1307=VERTEX_POINT('',#3884);
#1308=VERTEX_POINT('',#3886);
#1309=VERTEX_POINT('',#3888);
#1310=VERTEX_POINT('',#3891);
#1311=LINE('',#2867,#1599);
#1312=LINE('',#2870,#1600);
#1313=LINE('',#2872,#1601);
#1314=LINE('',#2874,#1602);
#1315=LINE('',#2879,#1603);
#1316=LINE('',#2881,#1604);
#1317=LINE('',#2883,#1605);
#1318=LINE('',#2888,#1606);
#1319=LINE('',#2890,#1607);
#1320=LINE('',#2892,#1608);
#1321=LINE('',#2897,#1609);
#1322=LINE('',#2898,#1610);
#1323=LINE('',#2948,#1611);
#1324=LINE('',#2951,#1612);
#1325=LINE('',#2953,#1613);
#1326=LINE('',#2955,#1614);
#1327=LINE('',#2960,#1615);
#1328=LINE('',#2963,#1616);
#1329=LINE('',#2965,#1617);
#1330=LINE('',#2967,#1618);
#1331=LINE('',#2972,#1619);
#1332=LINE('',#2975,#1620);
#1333=LINE('',#2977,#1621);
#1334=LINE('',#2979,#1622);
#1335=LINE('',#2984,#1623);
#1336=LINE('',#2987,#1624);
#1337=LINE('',#2989,#1625);
#1338=LINE('',#2991,#1626);
#1339=LINE('',#3001,#1627);
#1340=LINE('',#3003,#1628);
#1341=LINE('',#3004,#1629);
#1342=LINE('',#3007,#1630);
#1343=LINE('',#3009,#1631);
#1344=LINE('',#3011,#1632);
#1345=LINE('',#3012,#1633);
#1346=LINE('',#3015,#1634);
#1347=LINE('',#3017,#1635);
#1348=LINE('',#3019,#1636);
#1349=LINE('',#3020,#1637);
#1350=LINE('',#3023,#1638);
#1351=LINE('',#3025,#1639);
#1352=LINE('',#3027,#1640);
#1353=LINE('',#3028,#1641);
#1354=LINE('',#3031,#1642);
#1355=LINE('',#3033,#1643);
#1356=LINE('',#3035,#1644);
#1357=LINE('',#3036,#1645);
#1358=LINE('',#3039,#1646);
#1359=LINE('',#3041,#1647);
#1360=LINE('',#3043,#1648);
#1361=LINE('',#3044,#1649);
#1362=LINE('',#3047,#1650);
#1363=LINE('',#3049,#1651);
#1364=LINE('',#3051,#1652);
#1365=LINE('',#3052,#1653);
#1366=LINE('',#3055,#1654);
#1367=LINE('',#3057,#1655);
#1368=LINE('',#3059,#1656);
#1369=LINE('',#3060,#1657);
#1370=LINE('',#3063,#1658);
#1371=LINE('',#3065,#1659);
#1372=LINE('',#3067,#1660);
#1373=LINE('',#3068,#1661);
#1374=LINE('',#3071,#1662);
#1375=LINE('',#3073,#1663);
#1376=LINE('',#3075,#1664);
#1377=LINE('',#3076,#1665);
#1378=LINE('',#3079,#1666);
#1379=LINE('',#3081,#1667);
#1380=LINE('',#3083,#1668);
#1381=LINE('',#3084,#1669);
#1382=LINE('',#3087,#1670);
#1383=LINE('',#3089,#1671);
#1384=LINE('',#3091,#1672);
#1385=LINE('',#3092,#1673);
#1386=LINE('',#3095,#1674);
#1387=LINE('',#3097,#1675);
#1388=LINE('',#3099,#1676);
#1389=LINE('',#3100,#1677);
#1390=LINE('',#3103,#1678);
#1391=LINE('',#3105,#1679);
#1392=LINE('',#3107,#1680);
#1393=LINE('',#3108,#1681);
#1394=LINE('',#3111,#1682);
#1395=LINE('',#3113,#1683);
#1396=LINE('',#3115,#1684);
#1397=LINE('',#3116,#1685);
#1398=LINE('',#3119,#1686);
#1399=LINE('',#3121,#1687);
#1400=LINE('',#3123,#1688);
#1401=LINE('',#3124,#1689);
#1402=LINE('',#3127,#1690);
#1403=LINE('',#3129,#1691);
#1404=LINE('',#3131,#1692);
#1405=LINE('',#3141,#1693);
#1406=LINE('',#3143,#1694);
#1407=LINE('',#3144,#1695);
#1408=LINE('',#3147,#1696);
#1409=LINE('',#3149,#1697);
#1410=LINE('',#3151,#1698);
#1411=LINE('',#3152,#1699);
#1412=LINE('',#3155,#1700);
#1413=LINE('',#3157,#1701);
#1414=LINE('',#3159,#1702);
#1415=LINE('',#3160,#1703);
#1416=LINE('',#3163,#1704);
#1417=LINE('',#3165,#1705);
#1418=LINE('',#3167,#1706);
#1419=LINE('',#3168,#1707);
#1420=LINE('',#3171,#1708);
#1421=LINE('',#3173,#1709);
#1422=LINE('',#3175,#1710);
#1423=LINE('',#3176,#1711);
#1424=LINE('',#3179,#1712);
#1425=LINE('',#3181,#1713);
#1426=LINE('',#3183,#1714);
#1427=LINE('',#3184,#1715);
#1428=LINE('',#3187,#1716);
#1429=LINE('',#3189,#1717);
#1430=LINE('',#3191,#1718);
#1431=LINE('',#3192,#1719);
#1432=LINE('',#3195,#1720);
#1433=LINE('',#3197,#1721);
#1434=LINE('',#3199,#1722);
#1435=LINE('',#3200,#1723);
#1436=LINE('',#3203,#1724);
#1437=LINE('',#3205,#1725);
#1438=LINE('',#3207,#1726);
#1439=LINE('',#3208,#1727);
#1440=LINE('',#3211,#1728);
#1441=LINE('',#3213,#1729);
#1442=LINE('',#3215,#1730);
#1443=LINE('',#3216,#1731);
#1444=LINE('',#3219,#1732);
#1445=LINE('',#3221,#1733);
#1446=LINE('',#3223,#1734);
#1447=LINE('',#3224,#1735);
#1448=LINE('',#3227,#1736);
#1449=LINE('',#3229,#1737);
#1450=LINE('',#3231,#1738);
#1451=LINE('',#3232,#1739);
#1452=LINE('',#3235,#1740);
#1453=LINE('',#3237,#1741);
#1454=LINE('',#3239,#1742);
#1455=LINE('',#3240,#1743);
#1456=LINE('',#3243,#1744);
#1457=LINE('',#3245,#1745);
#1458=LINE('',#3247,#1746);
#1459=LINE('',#3248,#1747);
#1460=LINE('',#3251,#1748);
#1461=LINE('',#3253,#1749);
#1462=LINE('',#3255,#1750);
#1463=LINE('',#3256,#1751);
#1464=LINE('',#3259,#1752);
#1465=LINE('',#3261,#1753);
#1466=LINE('',#3263,#1754);
#1467=LINE('',#3264,#1755);
#1468=LINE('',#3267,#1756);
#1469=LINE('',#3269,#1757);
#1470=LINE('',#3271,#1758);
#1471=LINE('',#3284,#1759);
#1472=LINE('',#3285,#1760);
#1473=LINE('',#3290,#1761);
#1474=LINE('',#3295,#1762);
#1475=LINE('',#3304,#1763);
#1476=LINE('',#3305,#1764);
#1477=LINE('',#3310,#1765);
#1478=LINE('',#3315,#1766);
#1479=LINE('',#3324,#1767);
#1480=LINE('',#3325,#1768);
#1481=LINE('',#3330,#1769);
#1482=LINE('',#3335,#1770);
#1483=LINE('',#3344,#1771);
#1484=LINE('',#3345,#1772);
#1485=LINE('',#3350,#1773);
#1486=LINE('',#3355,#1774);
#1487=LINE('',#3364,#1775);
#1488=LINE('',#3365,#1776);
#1489=LINE('',#3370,#1777);
#1490=LINE('',#3375,#1778);
#1491=LINE('',#3384,#1779);
#1492=LINE('',#3385,#1780);
#1493=LINE('',#3390,#1781);
#1494=LINE('',#3395,#1782);
#1495=LINE('',#3404,#1783);
#1496=LINE('',#3405,#1784);
#1497=LINE('',#3410,#1785);
#1498=LINE('',#3415,#1786);
#1499=LINE('',#3424,#1787);
#1500=LINE('',#3425,#1788);
#1501=LINE('',#3430,#1789);
#1502=LINE('',#3435,#1790);
#1503=LINE('',#3444,#1791);
#1504=LINE('',#3445,#1792);
#1505=LINE('',#3450,#1793);
#1506=LINE('',#3455,#1794);
#1507=LINE('',#3464,#1795);
#1508=LINE('',#3465,#1796);
#1509=LINE('',#3470,#1797);
#1510=LINE('',#3475,#1798);
#1511=LINE('',#3484,#1799);
#1512=LINE('',#3485,#1800);
#1513=LINE('',#3490,#1801);
#1514=LINE('',#3495,#1802);
#1515=LINE('',#3504,#1803);
#1516=LINE('',#3505,#1804);
#1517=LINE('',#3510,#1805);
#1518=LINE('',#3515,#1806);
#1519=LINE('',#3524,#1807);
#1520=LINE('',#3525,#1808);
#1521=LINE('',#3530,#1809);
#1522=LINE('',#3535,#1810);
#1523=LINE('',#3544,#1811);
#1524=LINE('',#3545,#1812);
#1525=LINE('',#3550,#1813);
#1526=LINE('',#3555,#1814);
#1527=LINE('',#3564,#1815);
#1528=LINE('',#3565,#1816);
#1529=LINE('',#3570,#1817);
#1530=LINE('',#3575,#1818);
#1531=LINE('',#3584,#1819);
#1532=LINE('',#3585,#1820);
#1533=LINE('',#3590,#1821);
#1534=LINE('',#3591,#1822);
#1535=LINE('',#3667,#1823);
#1536=LINE('',#3700,#1824);
#1537=LINE('',#3707,#1825);
#1538=LINE('',#3732,#1826);
#1539=LINE('',#3739,#1827);
#1540=LINE('',#3741,#1828);
#1541=LINE('',#3743,#1829);
#1542=LINE('',#3745,#1830);
#1543=LINE('',#3747,#1831);
#1544=LINE('',#3748,#1832);
#1545=LINE('',#3750,#1833);
#1546=LINE('',#3752,#1834);
#1547=LINE('',#3758,#1835);
#1548=LINE('',#3760,#1836);
#1549=LINE('',#3762,#1837);
#1550=LINE('',#3764,#1838);
#1551=LINE('',#3766,#1839);
#1552=LINE('',#3770,#1840);
#1553=LINE('',#3772,#1841);
#1554=LINE('',#3774,#1842);
#1555=LINE('',#3793,#1843);
#1556=LINE('',#3797,#1844);
#1557=LINE('',#3806,#1845);
#1558=LINE('',#3812,#1846);
#1559=LINE('',#3821,#1847);
#1560=LINE('',#3823,#1848);
#1561=LINE('',#3825,#1849);
#1562=LINE('',#3830,#1850);
#1563=LINE('',#3832,#1851);
#1564=LINE('',#3834,#1852);
#1565=LINE('',#3839,#1853);
#1566=LINE('',#3841,#1854);
#1567=LINE('',#3843,#1855);
#1568=LINE('',#3845,#1856);
#1569=LINE('',#3847,#1857);
#1570=LINE('',#3852,#1858);
#1571=LINE('',#3855,#1859);
#1572=LINE('',#3856,#1860);
#1573=LINE('',#3861,#1861);
#1574=LINE('',#3863,#1862);
#1575=LINE('',#3865,#1863);
#1576=LINE('',#3867,#1864);
#1577=LINE('',#3869,#1865);
#1578=LINE('',#3874,#1866);
#1579=LINE('',#3877,#1867);
#1580=LINE('',#3878,#1868);
#1581=LINE('',#3883,#1869);
#1582=LINE('',#3885,#1870);
#1583=LINE('',#3887,#1871);
#1584=LINE('',#3889,#1872);
#1585=LINE('',#3890,#1873);
#1586=LINE('',#3892,#1874);
#1587=LINE('',#3897,#1875);
#1588=LINE('',#3898,#1876);
#1589=LINE('',#3903,#1877);
#1590=LINE('',#3904,#1878);
#1591=LINE('',#3905,#1879);
#1592=LINE('',#3910,#1880);
#1593=LINE('',#3911,#1881);
#1594=LINE('',#3912,#1882);
#1595=LINE('',#3917,#1883);
#1596=LINE('',#3918,#1884);
#1597=LINE('',#3923,#1885);
#1598=LINE('',#3928,#1886);
#1599=VECTOR('',#2496,1000.);
#1600=VECTOR('',#2497,1000.);
#1601=VECTOR('',#2498,1000.);
#1602=VECTOR('',#2499,1000.);
#1603=VECTOR('',#2500,1000.);
#1604=VECTOR('',#2501,1000.);
#1605=VECTOR('',#2502,1000.);
#1606=VECTOR('',#2503,1000.);
#1607=VECTOR('',#2504,1000.);
#1608=VECTOR('',#2505,1000.);
#1609=VECTOR('',#2506,1000.);
#1610=VECTOR('',#2507,1000.);
#1611=VECTOR('',#2518,1000.);
#1612=VECTOR('',#2519,1000.);
#1613=VECTOR('',#2520,1000.);
#1614=VECTOR('',#2521,1000.);
#1615=VECTOR('',#2522,1000.);
#1616=VECTOR('',#2523,1000.);
#1617=VECTOR('',#2524,1000.);
#1618=VECTOR('',#2525,1000.);
#1619=VECTOR('',#2526,1000.);
#1620=VECTOR('',#2527,1000.);
#1621=VECTOR('',#2528,1000.);
#1622=VECTOR('',#2529,1000.);
#1623=VECTOR('',#2530,1000.);
#1624=VECTOR('',#2531,1000.);
#1625=VECTOR('',#2532,1000.);
#1626=VECTOR('',#2533,1000.);
#1627=VECTOR('',#2542,1000.);
#1628=VECTOR('',#2545,1000.);
#1629=VECTOR('',#2546,1000.);
#1630=VECTOR('',#2547,1000.);
#1631=VECTOR('',#2548,1000.);
#1632=VECTOR('',#2549,1000.);
#1633=VECTOR('',#2550,1000.);
#1634=VECTOR('',#2551,1000.);
#1635=VECTOR('',#2552,1000.);
#1636=VECTOR('',#2553,1000.);
#1637=VECTOR('',#2554,1000.);
#1638=VECTOR('',#2555,1000.);
#1639=VECTOR('',#2556,1000.);
#1640=VECTOR('',#2557,1000.);
#1641=VECTOR('',#2558,1000.);
#1642=VECTOR('',#2559,1000.);
#1643=VECTOR('',#2560,1000.);
#1644=VECTOR('',#2561,1000.);
#1645=VECTOR('',#2562,1000.);
#1646=VECTOR('',#2563,1000.);
#1647=VECTOR('',#2564,1000.);
#1648=VECTOR('',#2565,1000.);
#1649=VECTOR('',#2566,1000.);
#1650=VECTOR('',#2567,1000.);
#1651=VECTOR('',#2568,1000.);
#1652=VECTOR('',#2569,1000.);
#1653=VECTOR('',#2570,1000.);
#1654=VECTOR('',#2571,1000.);
#1655=VECTOR('',#2572,1000.);
#1656=VECTOR('',#2573,1000.);
#1657=VECTOR('',#2574,1000.);
#1658=VECTOR('',#2575,1000.);
#1659=VECTOR('',#2576,1000.);
#1660=VECTOR('',#2577,1000.);
#1661=VECTOR('',#2578,1000.);
#1662=VECTOR('',#2579,1000.);
#1663=VECTOR('',#2580,1000.);
#1664=VECTOR('',#2581,1000.);
#1665=VECTOR('',#2582,1000.);
#1666=VECTOR('',#2583,1000.);
#1667=VECTOR('',#2584,1000.);
#1668=VECTOR('',#2585,1000.);
#1669=VECTOR('',#2586,1000.);
#1670=VECTOR('',#2587,1000.);
#1671=VECTOR('',#2588,1000.);
#1672=VECTOR('',#2589,1000.);
#1673=VECTOR('',#2590,1000.);
#1674=VECTOR('',#2591,1000.);
#1675=VECTOR('',#2592,1000.);
#1676=VECTOR('',#2593,1000.);
#1677=VECTOR('',#2594,1000.);
#1678=VECTOR('',#2595,1000.);
#1679=VECTOR('',#2596,1000.);
#1680=VECTOR('',#2597,1000.);
#1681=VECTOR('',#2598,1000.);
#1682=VECTOR('',#2599,1000.);
#1683=VECTOR('',#2600,1000.);
#1684=VECTOR('',#2601,1000.);
#1685=VECTOR('',#2602,1000.);
#1686=VECTOR('',#2603,1000.);
#1687=VECTOR('',#2604,1000.);
#1688=VECTOR('',#2605,1000.);
#1689=VECTOR('',#2606,1000.);
#1690=VECTOR('',#2607,1000.);
#1691=VECTOR('',#2608,1000.);
#1692=VECTOR('',#2609,1000.);
#1693=VECTOR('',#2618,1000.);
#1694=VECTOR('',#2621,1000.);
#1695=VECTOR('',#2622,1000.);
#1696=VECTOR('',#2623,1000.);
#1697=VECTOR('',#2624,1000.);
#1698=VECTOR('',#2625,1000.);
#1699=VECTOR('',#2626,1000.);
#1700=VECTOR('',#2627,1000.);
#1701=VECTOR('',#2628,1000.);
#1702=VECTOR('',#2629,1000.);
#1703=VECTOR('',#2630,1000.);
#1704=VECTOR('',#2631,1000.);
#1705=VECTOR('',#2632,1000.);
#1706=VECTOR('',#2633,1000.);
#1707=VECTOR('',#2634,1000.);
#1708=VECTOR('',#2635,1000.);
#1709=VECTOR('',#2636,1000.);
#1710=VECTOR('',#2637,1000.);
#1711=VECTOR('',#2638,1000.);
#1712=VECTOR('',#2639,1000.);
#1713=VECTOR('',#2640,1000.);
#1714=VECTOR('',#2641,1000.);
#1715=VECTOR('',#2642,1000.);
#1716=VECTOR('',#2643,1000.);
#1717=VECTOR('',#2644,1000.);
#1718=VECTOR('',#2645,1000.);
#1719=VECTOR('',#2646,1000.);
#1720=VECTOR('',#2647,1000.);
#1721=VECTOR('',#2648,1000.);
#1722=VECTOR('',#2649,1000.);
#1723=VECTOR('',#2650,1000.);
#1724=VECTOR('',#2651,1000.);
#1725=VECTOR('',#2652,1000.);
#1726=VECTOR('',#2653,1000.);
#1727=VECTOR('',#2654,1000.);
#1728=VECTOR('',#2655,1000.);
#1729=VECTOR('',#2656,1000.);
#1730=VECTOR('',#2657,1000.);
#1731=VECTOR('',#2658,1000.);
#1732=VECTOR('',#2659,1000.);
#1733=VECTOR('',#2660,1000.);
#1734=VECTOR('',#2661,1000.);
#1735=VECTOR('',#2662,1000.);
#1736=VECTOR('',#2663,1000.);
#1737=VECTOR('',#2664,1000.);
#1738=VECTOR('',#2665,1000.);
#1739=VECTOR('',#2666,1000.);
#1740=VECTOR('',#2667,1000.);
#1741=VECTOR('',#2668,1000.);
#1742=VECTOR('',#2669,1000.);
#1743=VECTOR('',#2670,1000.);
#1744=VECTOR('',#2671,1000.);
#1745=VECTOR('',#2672,1000.);
#1746=VECTOR('',#2673,1000.);
#1747=VECTOR('',#2674,1000.);
#1748=VECTOR('',#2675,1000.);
#1749=VECTOR('',#2676,1000.);
#1750=VECTOR('',#2677,1000.);
#1751=VECTOR('',#2678,1000.);
#1752=VECTOR('',#2679,1000.);
#1753=VECTOR('',#2680,1000.);
#1754=VECTOR('',#2681,1000.);
#1755=VECTOR('',#2682,1000.);
#1756=VECTOR('',#2683,1000.);
#1757=VECTOR('',#2684,1000.);
#1758=VECTOR('',#2685,1000.);
#1759=VECTOR('',#2686,1000.);
#1760=VECTOR('',#2687,1000.);
#1761=VECTOR('',#2688,1000.);
#1762=VECTOR('',#2689,1000.);
#1763=VECTOR('',#2690,1000.);
#1764=VECTOR('',#2691,1000.);
#1765=VECTOR('',#2692,1000.);
#1766=VECTOR('',#2693,1000.);
#1767=VECTOR('',#2694,1000.);
#1768=VECTOR('',#2695,1000.);
#1769=VECTOR('',#2696,1000.);
#1770=VECTOR('',#2697,1000.);
#1771=VECTOR('',#2698,1000.);
#1772=VECTOR('',#2699,1000.);
#1773=VECTOR('',#2700,1000.);
#1774=VECTOR('',#2701,1000.);
#1775=VECTOR('',#2702,1000.);
#1776=VECTOR('',#2703,1000.);
#1777=VECTOR('',#2704,1000.);
#1778=VECTOR('',#2705,1000.);
#1779=VECTOR('',#2706,1000.);
#1780=VECTOR('',#2707,1000.);
#1781=VECTOR('',#2708,1000.);
#1782=VECTOR('',#2709,1000.);
#1783=VECTOR('',#2710,1000.);
#1784=VECTOR('',#2711,1000.);
#1785=VECTOR('',#2712,1000.);
#1786=VECTOR('',#2713,1000.);
#1787=VECTOR('',#2714,1000.);
#1788=VECTOR('',#2715,1000.);
#1789=VECTOR('',#2716,1000.);
#1790=VECTOR('',#2717,1000.);
#1791=VECTOR('',#2718,1000.);
#1792=VECTOR('',#2719,1000.);
#1793=VECTOR('',#2720,1000.);
#1794=VECTOR('',#2721,1000.);
#1795=VECTOR('',#2722,1000.);
#1796=VECTOR('',#2723,1000.);
#1797=VECTOR('',#2724,1000.);
#1798=VECTOR('',#2725,1000.);
#1799=VECTOR('',#2726,1000.);
#1800=VECTOR('',#2727,1000.);
#1801=VECTOR('',#2728,1000.);
#1802=VECTOR('',#2729,1000.);
#1803=VECTOR('',#2730,1000.);
#1804=VECTOR('',#2731,1000.);
#1805=VECTOR('',#2732,1000.);
#1806=VECTOR('',#2733,1000.);
#1807=VECTOR('',#2734,1000.);
#1808=VECTOR('',#2735,1000.);
#1809=VECTOR('',#2736,1000.);
#1810=VECTOR('',#2737,1000.);
#1811=VECTOR('',#2738,1000.);
#1812=VECTOR('',#2739,1000.);
#1813=VECTOR('',#2740,1000.);
#1814=VECTOR('',#2741,1000.);
#1815=VECTOR('',#2742,1000.);
#1816=VECTOR('',#2743,1000.);
#1817=VECTOR('',#2744,1000.);
#1818=VECTOR('',#2745,1000.);
#1819=VECTOR('',#2746,1000.);
#1820=VECTOR('',#2747,1000.);
#1821=VECTOR('',#2748,1000.);
#1822=VECTOR('',#2749,1000.);
#1823=VECTOR('',#2760,1000.);
#1824=VECTOR('',#2765,1000.);
#1825=VECTOR('',#2770,1000.);
#1826=VECTOR('',#2781,1000.);
#1827=VECTOR('',#2784,1000.);
#1828=VECTOR('',#2785,1000.);
#1829=VECTOR('',#2786,1000.);
#1830=VECTOR('',#2787,1000.);
#1831=VECTOR('',#2788,1000.);
#1832=VECTOR('',#2789,1000.);
#1833=VECTOR('',#2790,1000.);
#1834=VECTOR('',#2791,1000.);
#1835=VECTOR('',#2796,1000.);
#1836=VECTOR('',#2797,1000.);
#1837=VECTOR('',#2798,1000.);
#1838=VECTOR('',#2799,1000.);
#1839=VECTOR('',#2800,1000.);
#1840=VECTOR('',#2803,1000.);
#1841=VECTOR('',#2804,1000.);
#1842=VECTOR('',#2805,1000.);
#1843=VECTOR('',#2810,1000.);
#1844=VECTOR('',#2813,1000.);
#1845=VECTOR('',#2814,1000.);
#1846=VECTOR('',#2819,1000.);
#1847=VECTOR('',#2820,1000.);
#1848=VECTOR('',#2821,1000.);
#1849=VECTOR('',#2822,1000.);
#1850=VECTOR('',#2823,1000.);
#1851=VECTOR('',#2824,1000.);
#1852=VECTOR('',#2825,1000.);
#1853=VECTOR('',#2826,1000.);
#1854=VECTOR('',#2827,1000.);
#1855=VECTOR('',#2828,1000.);
#1856=VECTOR('',#2829,1000.);
#1857=VECTOR('',#2830,1000.);
#1858=VECTOR('',#2831,1000.);
#1859=VECTOR('',#2832,1000.);
#1860=VECTOR('',#2833,1000.);
#1861=VECTOR('',#2834,1000.);
#1862=VECTOR('',#2835,1000.);
#1863=VECTOR('',#2836,1000.);
#1864=VECTOR('',#2837,1000.);
#1865=VECTOR('',#2838,1000.);
#1866=VECTOR('',#2839,1000.);
#1867=VECTOR('',#2840,1000.);
#1868=VECTOR('',#2841,1000.);
#1869=VECTOR('',#2842,1000.);
#1870=VECTOR('',#2843,1000.);
#1871=VECTOR('',#2844,1000.);
#1872=VECTOR('',#2845,1000.);
#1873=VECTOR('',#2846,1000.);
#1874=VECTOR('',#2847,1000.);
#1875=VECTOR('',#2848,1000.);
#1876=VECTOR('',#2849,1000.);
#1877=VECTOR('',#2850,1000.);
#1878=VECTOR('',#2851,1000.);
#1879=VECTOR('',#2852,1000.);
#1880=VECTOR('',#2853,1000.);
#1881=VECTOR('',#2854,1000.);
#1882=VECTOR('',#2855,1000.);
#1883=VECTOR('',#2856,1000.);
#1884=VECTOR('',#2857,1000.);
#1885=VECTOR('',#2858,1000.);
#1886=VECTOR('',#2859,1000.);
#1887=EDGE_LOOP('',(#88,#89,#90,#91));
#1888=EDGE_LOOP('',(#92,#93,#94,#95));
#1889=EDGE_LOOP('',(#96,#97,#98,#99));
#1890=EDGE_LOOP('',(#100,#101,#102,#103));
#1891=EDGE_LOOP('',(#104,#105,#106,#107));
#1892=EDGE_LOOP('',(#108,#109,#110,#111));
#1893=EDGE_LOOP('',(#112,#113,#114,#115));
#1894=EDGE_LOOP('',(#116,#117,#118,#119));
#1895=EDGE_LOOP('',(#120,#121,#122,#123));
#1896=EDGE_LOOP('',(#124,#125,#126,#127));
#1897=EDGE_LOOP('',(#128,#129,#130,#131));
#1898=EDGE_LOOP('',(#132,#133,#134,#135));
#1899=EDGE_LOOP('',(#136,#137));
#1900=EDGE_LOOP('',(#138,#139));
#1901=EDGE_LOOP('',(#140,#141,#142,#143,#144,#145,#146,#147,#148));
#1902=EDGE_LOOP('',(#149,#150,#151,#152));
#1903=EDGE_LOOP('',(#153,#154,#155,#156));
#1904=EDGE_LOOP('',(#157,#158,#159,#160));
#1905=EDGE_LOOP('',(#161,#162,#163,#164));
#1906=EDGE_LOOP('',(#165,#166,#167,#168));
#1907=EDGE_LOOP('',(#169,#170,#171,#172));
#1908=EDGE_LOOP('',(#173,#174,#175,#176));
#1909=EDGE_LOOP('',(#177,#178,#179,#180));
#1910=EDGE_LOOP('',(#181,#182,#183,#184));
#1911=EDGE_LOOP('',(#185,#186,#187,#188));
#1912=EDGE_LOOP('',(#189,#190,#191,#192));
#1913=EDGE_LOOP('',(#193,#194,#195,#196));
#1914=EDGE_LOOP('',(#197,#198,#199,#200));
#1915=EDGE_LOOP('',(#201,#202,#203,#204));
#1916=EDGE_LOOP('',(#205,#206,#207,#208));
#1917=EDGE_LOOP('',(#209,#210,#211,#212));
#1918=EDGE_LOOP('',(#213,#214));
#1919=EDGE_LOOP('',(#215,#216));
#1920=EDGE_LOOP('',(#217,#218,#219,#220,#221,#222,#223,#224,#225));
#1921=EDGE_LOOP('',(#226,#227,#228,#229));
#1922=EDGE_LOOP('',(#230,#231,#232,#233));
#1923=EDGE_LOOP('',(#234,#235,#236,#237));
#1924=EDGE_LOOP('',(#238,#239,#240,#241));
#1925=EDGE_LOOP('',(#242,#243,#244,#245));
#1926=EDGE_LOOP('',(#246,#247,#248,#249));
#1927=EDGE_LOOP('',(#250,#251,#252,#253));
#1928=EDGE_LOOP('',(#254,#255,#256,#257));
#1929=EDGE_LOOP('',(#258,#259,#260,#261));
#1930=EDGE_LOOP('',(#262,#263,#264,#265));
#1931=EDGE_LOOP('',(#266,#267,#268,#269));
#1932=EDGE_LOOP('',(#270,#271,#272,#273));
#1933=EDGE_LOOP('',(#274,#275,#276,#277));
#1934=EDGE_LOOP('',(#278,#279,#280,#281));
#1935=EDGE_LOOP('',(#282,#283,#284,#285));
#1936=EDGE_LOOP('',(#286,#287,#288,#289));
#1937=EDGE_LOOP('',(#290,#291,#292,#293));
#1938=EDGE_LOOP('',(#294,#295,#296,#297));
#1939=EDGE_LOOP('',(#298,#299,#300,#301));
#1940=EDGE_LOOP('',(#302,#303,#304,#305));
#1941=EDGE_LOOP('',(#306,#307,#308,#309));
#1942=EDGE_LOOP('',(#310,#311,#312,#313));
#1943=EDGE_LOOP('',(#314,#315,#316,#317));
#1944=EDGE_LOOP('',(#318,#319,#320,#321));
#1945=EDGE_LOOP('',(#322,#323,#324,#325));
#1946=EDGE_LOOP('',(#326,#327,#328,#329));
#1947=EDGE_LOOP('',(#330,#331,#332,#333));
#1948=EDGE_LOOP('',(#334,#335,#336,#337));
#1949=EDGE_LOOP('',(#338,#339,#340,#341));
#1950=EDGE_LOOP('',(#342,#343,#344,#345));
#1951=EDGE_LOOP('',(#346,#347,#348,#349));
#1952=EDGE_LOOP('',(#350,#351,#352,#353));
#1953=EDGE_LOOP('',(#354,#355,#356,#357));
#1954=EDGE_LOOP('',(#358,#359,#360,#361));
#1955=EDGE_LOOP('',(#362,#363,#364,#365));
#1956=EDGE_LOOP('',(#366,#367,#368,#369));
#1957=EDGE_LOOP('',(#370,#371,#372,#373));
#1958=EDGE_LOOP('',(#374,#375,#376,#377));
#1959=EDGE_LOOP('',(#378,#379,#380,#381));
#1960=EDGE_LOOP('',(#382,#383,#384,#385));
#1961=EDGE_LOOP('',(#386,#387,#388,#389));
#1962=EDGE_LOOP('',(#390,#391,#392,#393));
#1963=EDGE_LOOP('',(#394,#395,#396,#397));
#1964=EDGE_LOOP('',(#398,#399,#400,#401));
#1965=EDGE_LOOP('',(#402,#403,#404,#405));
#1966=EDGE_LOOP('',(#406,#407,#408,#409));
#1967=EDGE_LOOP('',(#410,#411,#412,#413));
#1968=EDGE_LOOP('',(#414,#415,#416,#417));
#1969=EDGE_LOOP('',(#418,#419,#420,#421));
#1970=EDGE_LOOP('',(#422,#423,#424,#425));
#1971=EDGE_LOOP('',(#426,#427,#428,#429));
#1972=EDGE_LOOP('',(#430,#431,#432,#433));
#1973=EDGE_LOOP('',(#434,#435,#436,#437));
#1974=EDGE_LOOP('',(#438,#439,#440,#441));
#1975=EDGE_LOOP('',(#442,#443,#444,#445));
#1976=EDGE_LOOP('',(#446,#447,#448,#449));
#1977=EDGE_LOOP('',(#450,#451,#452,#453));
#1978=EDGE_LOOP('',(#454,#455,#456,#457));
#1979=EDGE_LOOP('',(#458,#459,#460,#461));
#1980=EDGE_LOOP('',(#462,#463,#464,#465));
#1981=EDGE_LOOP('',(#466,#467,#468,#469));
#1982=EDGE_LOOP('',(#470,#471,#472,#473));
#1983=EDGE_LOOP('',(#474,#475,#476,#477));
#1984=EDGE_LOOP('',(#478,#479,#480,#481));
#1985=EDGE_LOOP('',(#482,#483,#484,#485));
#1986=EDGE_LOOP('',(#486,#487,#488,#489));
#1987=EDGE_LOOP('',(#490,#491,#492,#493));
#1988=EDGE_LOOP('',(#494,#495,#496,#497));
#1989=EDGE_LOOP('',(#498,#499,#500,#501));
#1990=EDGE_LOOP('',(#502,#503,#504,#505));
#1991=EDGE_LOOP('',(#506,#507,#508,#509));
#1992=EDGE_LOOP('',(#510,#511,#512,#513));
#1993=EDGE_LOOP('',(#514,#515,#516,#517));
#1994=EDGE_LOOP('',(#518,#519,#520,#521));
#1995=EDGE_LOOP('',(#522,#523,#524,#525));
#1996=EDGE_LOOP('',(#526,#527,#528,#529));
#1997=EDGE_LOOP('',(#530,#531,#532,#533));
#1998=EDGE_LOOP('',(#534,#535,#536,#537));
#1999=EDGE_LOOP('',(#538,#539,#540,#541));
#2000=EDGE_LOOP('',(#542,#543,#544,#545));
#2001=EDGE_LOOP('',(#546,#547,#548,#549));
#2002=EDGE_LOOP('',(#550,#551,#552,#553));
#2003=EDGE_LOOP('',(#554,#555,#556,#557));
#2004=EDGE_LOOP('',(#558,#559,#560,#561,#562,#563));
#2005=EDGE_LOOP('',(#564,#565,#566,#567));
#2006=EDGE_LOOP('',(#568,#569,#570,#571));
#2007=EDGE_LOOP('',(#572,#573,#574,#575));
#2008=EDGE_LOOP('',(#576,#577,#578,#579));
#2009=EDGE_LOOP('',(#580,#581,#582,#583));
#2010=EDGE_LOOP('',(#584,#585,#586,#587,#588,#589));
#2011=EDGE_LOOP('',(#590,#591,#592,#593));
#2012=EDGE_LOOP('',(#594,#595,#596,#597));
#2013=EDGE_LOOP('',(#598,#599));
#2014=EDGE_LOOP('',(#600,#601,#602,#603,#604,#605,#606,#607,#608,#609,#610,
#611,#612,#613,#614,#615,#616,#617,#618,#619,#620,#621,#622));
#2015=EDGE_LOOP('',(#623,#624));
#2016=EDGE_LOOP('',(#625,#626,#627,#628));
#2017=EDGE_LOOP('',(#629,#630,#631,#632));
#2018=EDGE_LOOP('',(#633,#634,#635,#636,#637,#638));
#2019=EDGE_LOOP('',(#639,#640));
#2020=EDGE_LOOP('',(#641,#642,#643,#644));
#2021=EDGE_LOOP('',(#645,#646,#647,#648));
#2022=EDGE_LOOP('',(#649,#650,#651,#652,#653,#654,#655));
#2023=EDGE_LOOP('',(#656,#657,#658,#659));
#2024=EDGE_LOOP('',(#660,#661,#662,#663,#664,#665));
#2025=EDGE_LOOP('',(#666,#667,#668,#669));
#2026=EDGE_LOOP('',(#670,#671,#672,#673,#674,#675,#676,#677,#678,#679));
#2027=EDGE_LOOP('',(#680,#681,#682,#683));
#2028=EDGE_LOOP('',(#684,#685,#686,#687,#688,#689,#690,#691));
#2029=EDGE_LOOP('',(#692,#693,#694,#695,#696,#697,#698,#699));
#2030=EDGE_LOOP('',(#700,#701,#702,#703,#704,#705,#706,#707));
#2031=EDGE_LOOP('',(#708,#709,#710,#711,#712,#713));
#2032=EDGE_LOOP('',(#714,#715,#716,#717,#718,#719));
#2033=EDGE_LOOP('',(#720,#721,#722,#723));
#2034=EDGE_LOOP('',(#724,#725,#726,#727));
#2035=EDGE_LOOP('',(#728,#729,#730,#731));
#2036=EDGE_LOOP('',(#732,#733,#734,#735));
#2037=EDGE_LOOP('',(#736,#737,#738,#739));
#2038=EDGE_LOOP('',(#740,#741,#742,#743));
#2039=EDGE_LOOP('',(#744,#745,#746,#747));
#2040=EDGE_LOOP('',(#748,#749,#750,#751));
#2041=EDGE_LOOP('',(#752,#753));
#2042=FACE_BOUND('',#1887,.T.);
#2043=FACE_BOUND('',#1888,.T.);
#2044=FACE_BOUND('',#1889,.T.);
#2045=FACE_BOUND('',#1890,.T.);
#2046=FACE_BOUND('',#1891,.T.);
#2047=FACE_BOUND('',#1892,.T.);
#2048=FACE_BOUND('',#1893,.T.);
#2049=FACE_BOUND('',#1894,.T.);
#2050=FACE_BOUND('',#1895,.T.);
#2051=FACE_BOUND('',#1896,.T.);
#2052=FACE_BOUND('',#1897,.T.);
#2053=FACE_BOUND('',#1898,.T.);
#2054=FACE_BOUND('',#1899,.T.);
#2055=FACE_BOUND('',#1900,.T.);
#2056=FACE_BOUND('',#1901,.T.);
#2057=FACE_BOUND('',#1902,.T.);
#2058=FACE_BOUND('',#1903,.T.);
#2059=FACE_BOUND('',#1904,.T.);
#2060=FACE_BOUND('',#1905,.T.);
#2061=FACE_BOUND('',#1906,.T.);
#2062=FACE_BOUND('',#1907,.T.);
#2063=FACE_BOUND('',#1908,.T.);
#2064=FACE_BOUND('',#1909,.T.);
#2065=FACE_BOUND('',#1910,.T.);
#2066=FACE_BOUND('',#1911,.T.);
#2067=FACE_BOUND('',#1912,.T.);
#2068=FACE_BOUND('',#1913,.T.);
#2069=FACE_BOUND('',#1914,.T.);
#2070=FACE_BOUND('',#1915,.T.);
#2071=FACE_BOUND('',#1916,.T.);
#2072=FACE_BOUND('',#1917,.T.);
#2073=FACE_BOUND('',#1918,.T.);
#2074=FACE_BOUND('',#1919,.T.);
#2075=FACE_BOUND('',#1920,.T.);
#2076=FACE_BOUND('',#1921,.T.);
#2077=FACE_BOUND('',#1922,.T.);
#2078=FACE_BOUND('',#1923,.T.);
#2079=FACE_BOUND('',#1924,.T.);
#2080=FACE_BOUND('',#1925,.T.);
#2081=FACE_BOUND('',#1926,.T.);
#2082=FACE_BOUND('',#1927,.T.);
#2083=FACE_BOUND('',#1928,.T.);
#2084=FACE_BOUND('',#1929,.T.);
#2085=FACE_BOUND('',#1930,.T.);
#2086=FACE_BOUND('',#1931,.T.);
#2087=FACE_BOUND('',#1932,.T.);
#2088=FACE_BOUND('',#1933,.T.);
#2089=FACE_BOUND('',#1934,.T.);
#2090=FACE_BOUND('',#1935,.T.);
#2091=FACE_BOUND('',#1936,.T.);
#2092=FACE_BOUND('',#1937,.T.);
#2093=FACE_BOUND('',#1938,.T.);
#2094=FACE_BOUND('',#1939,.T.);
#2095=FACE_BOUND('',#1940,.T.);
#2096=FACE_BOUND('',#1941,.T.);
#2097=FACE_BOUND('',#1942,.T.);
#2098=FACE_BOUND('',#1943,.T.);
#2099=FACE_BOUND('',#1944,.T.);
#2100=FACE_BOUND('',#1945,.T.);
#2101=FACE_BOUND('',#1946,.T.);
#2102=FACE_BOUND('',#1947,.T.);
#2103=FACE_BOUND('',#1948,.T.);
#2104=FACE_BOUND('',#1949,.T.);
#2105=FACE_BOUND('',#1950,.T.);
#2106=FACE_BOUND('',#1951,.T.);
#2107=FACE_BOUND('',#1952,.T.);
#2108=FACE_BOUND('',#1953,.T.);
#2109=FACE_BOUND('',#1954,.T.);
#2110=FACE_BOUND('',#1955,.T.);
#2111=FACE_BOUND('',#1956,.T.);
#2112=FACE_BOUND('',#1957,.T.);
#2113=FACE_BOUND('',#1958,.T.);
#2114=FACE_BOUND('',#1959,.T.);
#2115=FACE_BOUND('',#1960,.T.);
#2116=FACE_BOUND('',#1961,.T.);
#2117=FACE_BOUND('',#1962,.T.);
#2118=FACE_BOUND('',#1963,.T.);
#2119=FACE_BOUND('',#1964,.T.);
#2120=FACE_BOUND('',#1965,.T.);
#2121=FACE_BOUND('',#1966,.T.);
#2122=FACE_BOUND('',#1967,.T.);
#2123=FACE_BOUND('',#1968,.T.);
#2124=FACE_BOUND('',#1969,.T.);
#2125=FACE_BOUND('',#1970,.T.);
#2126=FACE_BOUND('',#1971,.T.);
#2127=FACE_BOUND('',#1972,.T.);
#2128=FACE_BOUND('',#1973,.T.);
#2129=FACE_BOUND('',#1974,.T.);
#2130=FACE_BOUND('',#1975,.T.);
#2131=FACE_BOUND('',#1976,.T.);
#2132=FACE_BOUND('',#1977,.T.);
#2133=FACE_BOUND('',#1978,.T.);
#2134=FACE_BOUND('',#1979,.T.);
#2135=FACE_BOUND('',#1980,.T.);
#2136=FACE_BOUND('',#1981,.T.);
#2137=FACE_BOUND('',#1982,.T.);
#2138=FACE_BOUND('',#1983,.T.);
#2139=FACE_BOUND('',#1984,.T.);
#2140=FACE_BOUND('',#1985,.T.);
#2141=FACE_BOUND('',#1986,.T.);
#2142=FACE_BOUND('',#1987,.T.);
#2143=FACE_BOUND('',#1988,.T.);
#2144=FACE_BOUND('',#1989,.T.);
#2145=FACE_BOUND('',#1990,.T.);
#2146=FACE_BOUND('',#1991,.T.);
#2147=FACE_BOUND('',#1992,.T.);
#2148=FACE_BOUND('',#1993,.T.);
#2149=FACE_BOUND('',#1994,.T.);
#2150=FACE_BOUND('',#1995,.T.);
#2151=FACE_BOUND('',#1996,.T.);
#2152=FACE_BOUND('',#1997,.T.);
#2153=FACE_BOUND('',#1998,.T.);
#2154=FACE_BOUND('',#1999,.T.);
#2155=FACE_BOUND('',#2000,.T.);
#2156=FACE_BOUND('',#2001,.T.);
#2157=FACE_BOUND('',#2002,.T.);
#2158=FACE_BOUND('',#2003,.T.);
#2159=FACE_BOUND('',#2004,.T.);
#2160=FACE_BOUND('',#2005,.T.);
#2161=FACE_BOUND('',#2006,.T.);
#2162=FACE_BOUND('',#2007,.T.);
#2163=FACE_BOUND('',#2008,.T.);
#2164=FACE_BOUND('',#2009,.T.);
#2165=FACE_BOUND('',#2010,.T.);
#2166=FACE_BOUND('',#2011,.T.);
#2167=FACE_BOUND('',#2012,.T.);
#2168=FACE_BOUND('',#2013,.T.);
#2169=FACE_BOUND('',#2014,.T.);
#2170=FACE_BOUND('',#2015,.T.);
#2171=FACE_BOUND('',#2016,.T.);
#2172=FACE_BOUND('',#2017,.T.);
#2173=FACE_BOUND('',#2018,.T.);
#2174=FACE_BOUND('',#2019,.T.);
#2175=FACE_BOUND('',#2020,.T.);
#2176=FACE_BOUND('',#2021,.T.);
#2177=FACE_BOUND('',#2022,.T.);
#2178=FACE_BOUND('',#2023,.T.);
#2179=FACE_BOUND('',#2024,.T.);
#2180=FACE_BOUND('',#2025,.T.);
#2181=FACE_BOUND('',#2026,.T.);
#2182=FACE_BOUND('',#2027,.T.);
#2183=FACE_BOUND('',#2028,.T.);
#2184=FACE_BOUND('',#2029,.T.);
#2185=FACE_BOUND('',#2030,.T.);
#2186=FACE_BOUND('',#2031,.T.);
#2187=FACE_BOUND('',#2032,.T.);
#2188=FACE_BOUND('',#2033,.T.);
#2189=FACE_BOUND('',#2034,.T.);
#2190=FACE_BOUND('',#2035,.T.);
#2191=FACE_BOUND('',#2036,.T.);
#2192=FACE_BOUND('',#2037,.T.);
#2193=FACE_BOUND('',#2038,.T.);
#2194=FACE_BOUND('',#2039,.T.);
#2195=FACE_BOUND('',#2040,.T.);
#2196=FACE_BOUND('',#2041,.T.);
#2197=B_SPLINE_SURFACE_WITH_KNOTS('',1,1,((#2863,#2864),(#2865,#2866)),
 .PLANE_SURF.,.F.,.F.,.F.,(2,2),(2,2),(0.,1.),(0.,1.),.UNSPECIFIED.);
#2198=B_SPLINE_SURFACE_WITH_KNOTS('',1,1,((#2875,#2876),(#2877,#2878)),
 .PLANE_SURF.,.F.,.F.,.F.,(2,2),(2,2),(0.,1.),(0.,1.),.UNSPECIFIED.);
#2199=B_SPLINE_SURFACE_WITH_KNOTS('',1,1,((#2884,#2885),(#2886,#2887)),
 .PLANE_SURF.,.F.,.F.,.F.,(2,2),(2,2),(0.,1.),(0.,1.),.UNSPECIFIED.);
#2200=B_SPLINE_SURFACE_WITH_KNOTS('',1,1,((#2893,#2894),(#2895,#2896)),
 .PLANE_SURF.,.F.,.F.,.F.,(2,2),(2,2),(0.,1.),(0.,1.),.UNSPECIFIED.);
#2201=B_SPLINE_SURFACE_WITH_KNOTS('',1,1,((#2899,#2900),(#2901,#2902)),
 .PLANE_SURF.,.F.,.F.,.F.,(2,2),(2,2),(0.,1.),(0.,1.),.UNSPECIFIED.);
#2202=B_SPLINE_SURFACE_WITH_KNOTS('',1,1,((#2903,#2904),(#2905,#2906)),
 .PLANE_SURF.,.F.,.F.,.F.,(2,2),(2,2),(0.,1.),(0.,1.),.UNSPECIFIED.);
#2203=B_SPLINE_SURFACE_WITH_KNOTS('',1,1,((#2944,#2945),(#2946,#2947)),
 .PLANE_SURF.,.F.,.F.,.F.,(2,2),(2,2),(0.,1.),(0.,1.),.UNSPECIFIED.);
#2204=B_SPLINE_SURFACE_WITH_KNOTS('',1,1,((#2956,#2957),(#2958,#2959)),
 .PLANE_SURF.,.F.,.F.,.F.,(2,2),(2,2),(0.,1.),(0.,1.),.UNSPECIFIED.);
#2205=B_SPLINE_SURFACE_WITH_KNOTS('',1,1,((#2968,#2969),(#2970,#2971)),
 .PLANE_SURF.,.F.,.F.,.F.,(2,2),(2,2),(0.,1.),(0.,1.),.UNSPECIFIED.);
#2206=B_SPLINE_SURFACE_WITH_KNOTS('',1,1,((#2980,#2981),(#2982,#2983)),
 .PLANE_SURF.,.F.,.F.,.F.,(2,2),(2,2),(0.,1.),(0.,1.),.UNSPECIFIED.);
#2207=B_SPLINE_SURFACE_WITH_KNOTS('',1,1,((#2992,#2993),(#2994,#2995)),
 .PLANE_SURF.,.F.,.F.,.F.,(2,2),(2,2),(0.,1.),(0.,1.),.UNSPECIFIED.);
#2208=B_SPLINE_SURFACE_WITH_KNOTS('',1,1,((#3132,#3133),(#3134,#3135)),
 .PLANE_SURF.,.F.,.F.,.F.,(2,2),(2,2),(0.,1.),(0.,1.),.UNSPECIFIED.);
#2209=B_SPLINE_SURFACE_WITH_KNOTS('',1,1,((#3272,#3273),(#3274,#3275)),
 .PLANE_SURF.,.F.,.F.,.F.,(2,2),(2,2),(0.,1.),(0.,1.),.UNSPECIFIED.);
#2210=B_SPLINE_SURFACE_WITH_KNOTS('',1,1,((#3276,#3277),(#3278,#3279)),
 .PLANE_SURF.,.F.,.F.,.F.,(2,2),(2,2),(0.,1.),(0.,1.),.UNSPECIFIED.);
#2211=B_SPLINE_SURFACE_WITH_KNOTS('',1,1,((#3280,#3281),(#3282,#3283)),
 .PLANE_SURF.,.F.,.F.,.F.,(2,2),(2,2),(0.,1.),(0.,1.),.UNSPECIFIED.);
#2212=B_SPLINE_SURFACE_WITH_KNOTS('',1,1,((#3286,#3287),(#3288,#3289)),
 .PLANE_SURF.,.F.,.F.,.F.,(2,2),(2,2),(0.,1.),(0.,1.),.UNSPECIFIED.);
#2213=B_SPLINE_SURFACE_WITH_KNOTS('',1,1,((#3291,#3292),(#3293,#3294)),
 .PLANE_SURF.,.F.,.F.,.F.,(2,2),(2,2),(0.,1.),(0.,1.),.UNSPECIFIED.);
#2214=B_SPLINE_SURFACE_WITH_KNOTS('',1,1,((#3296,#3297),(#3298,#3299)),
 .PLANE_SURF.,.F.,.F.,.F.,(2,2),(2,2),(0.,1.),(0.,1.),.UNSPECIFIED.);
#2215=B_SPLINE_SURFACE_WITH_KNOTS('',1,1,((#3300,#3301),(#3302,#3303)),
 .PLANE_SURF.,.F.,.F.,.F.,(2,2),(2,2),(0.,1.),(0.,1.),.UNSPECIFIED.);
#2216=B_SPLINE_SURFACE_WITH_KNOTS('',1,1,((#3306,#3307),(#3308,#3309)),
 .PLANE_SURF.,.F.,.F.,.F.,(2,2),(2,2),(0.,1.),(0.,1.),.UNSPECIFIED.);
#2217=B_SPLINE_SURFACE_WITH_KNOTS('',1,1,((#3311,#3312),(#3313,#3314)),
 .PLANE_SURF.,.F.,.F.,.F.,(2,2),(2,2),(0.,1.),(0.,1.),.UNSPECIFIED.);
#2218=B_SPLINE_SURFACE_WITH_KNOTS('',1,1,((#3316,#3317),(#3318,#3319)),
 .PLANE_SURF.,.F.,.F.,.F.,(2,2),(2,2),(0.,1.),(0.,1.),.UNSPECIFIED.);
#2219=B_SPLINE_SURFACE_WITH_KNOTS('',1,1,((#3320,#3321),(#3322,#3323)),
 .PLANE_SURF.,.F.,.F.,.F.,(2,2),(2,2),(0.,1.),(0.,1.),.UNSPECIFIED.);
#2220=B_SPLINE_SURFACE_WITH_KNOTS('',1,1,((#3326,#3327),(#3328,#3329)),
 .PLANE_SURF.,.F.,.F.,.F.,(2,2),(2,2),(0.,1.),(0.,1.),.UNSPECIFIED.);
#2221=B_SPLINE_SURFACE_WITH_KNOTS('',1,1,((#3331,#3332),(#3333,#3334)),
 .PLANE_SURF.,.F.,.F.,.F.,(2,2),(2,2),(0.,1.),(0.,1.),.UNSPECIFIED.);
#2222=B_SPLINE_SURFACE_WITH_KNOTS('',1,1,((#3336,#3337),(#3338,#3339)),
 .PLANE_SURF.,.F.,.F.,.F.,(2,2),(2,2),(0.,1.),(0.,1.),.UNSPECIFIED.);
#2223=B_SPLINE_SURFACE_WITH_KNOTS('',1,1,((#3340,#3341),(#3342,#3343)),
 .PLANE_SURF.,.F.,.F.,.F.,(2,2),(2,2),(0.,1.),(0.,1.),.UNSPECIFIED.);
#2224=B_SPLINE_SURFACE_WITH_KNOTS('',1,1,((#3346,#3347),(#3348,#3349)),
 .PLANE_SURF.,.F.,.F.,.F.,(2,2),(2,2),(0.,1.),(0.,1.),.UNSPECIFIED.);
#2225=B_SPLINE_SURFACE_WITH_KNOTS('',1,1,((#3351,#3352),(#3353,#3354)),
 .PLANE_SURF.,.F.,.F.,.F.,(2,2),(2,2),(0.,1.),(0.,1.),.UNSPECIFIED.);
#2226=B_SPLINE_SURFACE_WITH_KNOTS('',1,1,((#3356,#3357),(#3358,#3359)),
 .PLANE_SURF.,.F.,.F.,.F.,(2,2),(2,2),(0.,1.),(0.,1.),.UNSPECIFIED.);
#2227=B_SPLINE_SURFACE_WITH_KNOTS('',1,1,((#3360,#3361),(#3362,#3363)),
 .PLANE_SURF.,.F.,.F.,.F.,(2,2),(2,2),(0.,1.),(0.,1.),.UNSPECIFIED.);
#2228=B_SPLINE_SURFACE_WITH_KNOTS('',1,1,((#3366,#3367),(#3368,#3369)),
 .PLANE_SURF.,.F.,.F.,.F.,(2,2),(2,2),(0.,1.),(0.,1.),.UNSPECIFIED.);
#2229=B_SPLINE_SURFACE_WITH_KNOTS('',1,1,((#3371,#3372),(#3373,#3374)),
 .PLANE_SURF.,.F.,.F.,.F.,(2,2),(2,2),(0.,1.),(0.,1.),.UNSPECIFIED.);
#2230=B_SPLINE_SURFACE_WITH_KNOTS('',1,1,((#3376,#3377),(#3378,#3379)),
 .PLANE_SURF.,.F.,.F.,.F.,(2,2),(2,2),(0.,1.),(0.,1.),.UNSPECIFIED.);
#2231=B_SPLINE_SURFACE_WITH_KNOTS('',1,1,((#3380,#3381),(#3382,#3383)),
 .PLANE_SURF.,.F.,.F.,.F.,(2,2),(2,2),(0.,1.),(0.,1.),.UNSPECIFIED.);
#2232=B_SPLINE_SURFACE_WITH_KNOTS('',1,1,((#3386,#3387),(#3388,#3389)),
 .PLANE_SURF.,.F.,.F.,.F.,(2,2),(2,2),(0.,1.),(0.,1.),.UNSPECIFIED.);
#2233=B_SPLINE_SURFACE_WITH_KNOTS('',1,1,((#3391,#3392),(#3393,#3394)),
 .PLANE_SURF.,.F.,.F.,.F.,(2,2),(2,2),(0.,1.),(0.,1.),.UNSPECIFIED.);
#2234=B_SPLINE_SURFACE_WITH_KNOTS('',1,1,((#3396,#3397),(#3398,#3399)),
 .PLANE_SURF.,.F.,.F.,.F.,(2,2),(2,2),(0.,1.),(0.,1.),.UNSPECIFIED.);
#2235=B_SPLINE_SURFACE_WITH_KNOTS('',1,1,((#3400,#3401),(#3402,#3403)),
 .PLANE_SURF.,.F.,.F.,.F.,(2,2),(2,2),(0.,1.),(0.,1.),.UNSPECIFIED.);
#2236=B_SPLINE_SURFACE_WITH_KNOTS('',1,1,((#3406,#3407),(#3408,#3409)),
 .PLANE_SURF.,.F.,.F.,.F.,(2,2),(2,2),(0.,1.),(0.,1.),.UNSPECIFIED.);
#2237=B_SPLINE_SURFACE_WITH_KNOTS('',1,1,((#3411,#3412),(#3413,#3414)),
 .PLANE_SURF.,.F.,.F.,.F.,(2,2),(2,2),(0.,1.),(0.,1.),.UNSPECIFIED.);
#2238=B_SPLINE_SURFACE_WITH_KNOTS('',1,1,((#3416,#3417),(#3418,#3419)),
 .PLANE_SURF.,.F.,.F.,.F.,(2,2),(2,2),(0.,1.),(0.,1.),.UNSPECIFIED.);
#2239=B_SPLINE_SURFACE_WITH_KNOTS('',1,1,((#3420,#3421),(#3422,#3423)),
 .PLANE_SURF.,.F.,.F.,.F.,(2,2),(2,2),(0.,1.),(0.,1.),.UNSPECIFIED.);
#2240=B_SPLINE_SURFACE_WITH_KNOTS('',1,1,((#3426,#3427),(#3428,#3429)),
 .PLANE_SURF.,.F.,.F.,.F.,(2,2),(2,2),(0.,1.),(0.,1.),.UNSPECIFIED.);
#2241=B_SPLINE_SURFACE_WITH_KNOTS('',1,1,((#3431,#3432),(#3433,#3434)),
 .PLANE_SURF.,.F.,.F.,.F.,(2,2),(2,2),(0.,1.),(0.,1.),.UNSPECIFIED.);
#2242=B_SPLINE_SURFACE_WITH_KNOTS('',1,1,((#3436,#3437),(#3438,#3439)),
 .PLANE_SURF.,.F.,.F.,.F.,(2,2),(2,2),(0.,1.),(0.,1.),.UNSPECIFIED.);
#2243=B_SPLINE_SURFACE_WITH_KNOTS('',1,1,((#3440,#3441),(#3442,#3443)),
 .PLANE_SURF.,.F.,.F.,.F.,(2,2),(2,2),(0.,1.),(0.,1.),.UNSPECIFIED.);
#2244=B_SPLINE_SURFACE_WITH_KNOTS('',1,1,((#3446,#3447),(#3448,#3449)),
 .PLANE_SURF.,.F.,.F.,.F.,(2,2),(2,2),(0.,1.),(0.,1.),.UNSPECIFIED.);
#2245=B_SPLINE_SURFACE_WITH_KNOTS('',1,1,((#3451,#3452),(#3453,#3454)),
 .PLANE_SURF.,.F.,.F.,.F.,(2,2),(2,2),(0.,1.),(0.,1.),.UNSPECIFIED.);
#2246=B_SPLINE_SURFACE_WITH_KNOTS('',1,1,((#3456,#3457),(#3458,#3459)),
 .PLANE_SURF.,.F.,.F.,.F.,(2,2),(2,2),(0.,1.),(0.,1.),.UNSPECIFIED.);
#2247=B_SPLINE_SURFACE_WITH_KNOTS('',1,1,((#3460,#3461),(#3462,#3463)),
 .PLANE_SURF.,.F.,.F.,.F.,(2,2),(2,2),(0.,1.),(0.,1.),.UNSPECIFIED.);
#2248=B_SPLINE_SURFACE_WITH_KNOTS('',1,1,((#3466,#3467),(#3468,#3469)),
 .PLANE_SURF.,.F.,.F.,.F.,(2,2),(2,2),(0.,1.),(0.,1.),.UNSPECIFIED.);
#2249=B_SPLINE_SURFACE_WITH_KNOTS('',1,1,((#3471,#3472),(#3473,#3474)),
 .PLANE_SURF.,.F.,.F.,.F.,(2,2),(2,2),(0.,1.),(0.,1.),.UNSPECIFIED.);
#2250=B_SPLINE_SURFACE_WITH_KNOTS('',1,1,((#3476,#3477),(#3478,#3479)),
 .PLANE_SURF.,.F.,.F.,.F.,(2,2),(2,2),(0.,1.),(0.,1.),.UNSPECIFIED.);
#2251=B_SPLINE_SURFACE_WITH_KNOTS('',1,1,((#3480,#3481),(#3482,#3483)),
 .PLANE_SURF.,.F.,.F.,.F.,(2,2),(2,2),(0.,1.),(0.,1.),.UNSPECIFIED.);
#2252=B_SPLINE_SURFACE_WITH_KNOTS('',1,1,((#3486,#3487),(#3488,#3489)),
 .PLANE_SURF.,.F.,.F.,.F.,(2,2),(2,2),(0.,1.),(0.,1.),.UNSPECIFIED.);
#2253=B_SPLINE_SURFACE_WITH_KNOTS('',1,1,((#3491,#3492),(#3493,#3494)),
 .PLANE_SURF.,.F.,.F.,.F.,(2,2),(2,2),(0.,1.),(0.,1.),.UNSPECIFIED.);
#2254=B_SPLINE_SURFACE_WITH_KNOTS('',1,1,((#3496,#3497),(#3498,#3499)),
 .PLANE_SURF.,.F.,.F.,.F.,(2,2),(2,2),(0.,1.),(0.,1.),.UNSPECIFIED.);
#2255=B_SPLINE_SURFACE_WITH_KNOTS('',1,1,((#3500,#3501),(#3502,#3503)),
 .PLANE_SURF.,.F.,.F.,.F.,(2,2),(2,2),(0.,1.),(0.,1.),.UNSPECIFIED.);
#2256=B_SPLINE_SURFACE_WITH_KNOTS('',1,1,((#3506,#3507),(#3508,#3509)),
 .PLANE_SURF.,.F.,.F.,.F.,(2,2),(2,2),(0.,1.),(0.,1.),.UNSPECIFIED.);
#2257=B_SPLINE_SURFACE_WITH_KNOTS('',1,1,((#3511,#3512),(#3513,#3514)),
 .PLANE_SURF.,.F.,.F.,.F.,(2,2),(2,2),(0.,1.),(0.,1.),.UNSPECIFIED.);
#2258=B_SPLINE_SURFACE_WITH_KNOTS('',1,1,((#3516,#3517),(#3518,#3519)),
 .PLANE_SURF.,.F.,.F.,.F.,(2,2),(2,2),(0.,1.),(0.,1.),.UNSPECIFIED.);
#2259=B_SPLINE_SURFACE_WITH_KNOTS('',1,1,((#3520,#3521),(#3522,#3523)),
 .PLANE_SURF.,.F.,.F.,.F.,(2,2),(2,2),(0.,1.),(0.,1.),.UNSPECIFIED.);
#2260=B_SPLINE_SURFACE_WITH_KNOTS('',1,1,((#3526,#3527),(#3528,#3529)),
 .PLANE_SURF.,.F.,.F.,.F.,(2,2),(2,2),(0.,1.),(0.,1.),.UNSPECIFIED.);
#2261=B_SPLINE_SURFACE_WITH_KNOTS('',1,1,((#3531,#3532),(#3533,#3534)),
 .PLANE_SURF.,.F.,.F.,.F.,(2,2),(2,2),(0.,1.),(0.,1.),.UNSPECIFIED.);
#2262=B_SPLINE_SURFACE_WITH_KNOTS('',1,1,((#3536,#3537),(#3538,#3539)),
 .PLANE_SURF.,.F.,.F.,.F.,(2,2),(2,2),(0.,1.),(0.,1.),.UNSPECIFIED.);
#2263=B_SPLINE_SURFACE_WITH_KNOTS('',1,1,((#3540,#3541),(#3542,#3543)),
 .PLANE_SURF.,.F.,.F.,.F.,(2,2),(2,2),(0.,1.),(0.,1.),.UNSPECIFIED.);
#2264=B_SPLINE_SURFACE_WITH_KNOTS('',1,1,((#3546,#3547),(#3548,#3549)),
 .PLANE_SURF.,.F.,.F.,.F.,(2,2),(2,2),(0.,1.),(0.,1.),.UNSPECIFIED.);
#2265=B_SPLINE_SURFACE_WITH_KNOTS('',1,1,((#3551,#3552),(#3553,#3554)),
 .PLANE_SURF.,.F.,.F.,.F.,(2,2),(2,2),(0.,1.),(0.,1.),.UNSPECIFIED.);
#2266=B_SPLINE_SURFACE_WITH_KNOTS('',1,1,((#3556,#3557),(#3558,#3559)),
 .PLANE_SURF.,.F.,.F.,.F.,(2,2),(2,2),(0.,1.),(0.,1.),.UNSPECIFIED.);
#2267=B_SPLINE_SURFACE_WITH_KNOTS('',1,1,((#3560,#3561),(#3562,#3563)),
 .PLANE_SURF.,.F.,.F.,.F.,(2,2),(2,2),(0.,1.),(0.,1.),.UNSPECIFIED.);
#2268=B_SPLINE_SURFACE_WITH_KNOTS('',1,1,((#3566,#3567),(#3568,#3569)),
 .PLANE_SURF.,.F.,.F.,.F.,(2,2),(2,2),(0.,1.),(0.,1.),.UNSPECIFIED.);
#2269=B_SPLINE_SURFACE_WITH_KNOTS('',1,1,((#3571,#3572),(#3573,#3574)),
 .PLANE_SURF.,.F.,.F.,.F.,(2,2),(2,2),(0.,1.),(0.,1.),.UNSPECIFIED.);
#2270=B_SPLINE_SURFACE_WITH_KNOTS('',1,1,((#3576,#3577),(#3578,#3579)),
 .PLANE_SURF.,.F.,.F.,.F.,(2,2),(2,2),(0.,1.),(0.,1.),.UNSPECIFIED.);
#2271=B_SPLINE_SURFACE_WITH_KNOTS('',1,1,((#3580,#3581),(#3582,#3583)),
 .PLANE_SURF.,.F.,.F.,.F.,(2,2),(2,2),(0.,1.),(0.,1.),.UNSPECIFIED.);
#2272=B_SPLINE_SURFACE_WITH_KNOTS('',1,1,((#3586,#3587),(#3588,#3589)),
 .PLANE_SURF.,.F.,.F.,.F.,(2,2),(2,2),(0.,1.),(0.,1.),.UNSPECIFIED.);
#2273=B_SPLINE_SURFACE_WITH_KNOTS('',1,1,((#3592,#3593),(#3594,#3595)),
 .PLANE_SURF.,.F.,.F.,.F.,(2,2),(2,2),(0.,1.),(0.,1.),.UNSPECIFIED.);
#2274=B_SPLINE_SURFACE_WITH_KNOTS('',1,1,((#3596,#3597),(#3598,#3599)),
 .PLANE_SURF.,.F.,.F.,.F.,(2,2),(2,2),(0.,1.),(0.,1.),.UNSPECIFIED.);
#2275=B_SPLINE_SURFACE_WITH_KNOTS('',1,1,((#3735,#3736),(#3737,#3738)),
 .PLANE_SURF.,.F.,.F.,.F.,(2,2),(2,2),(0.,1.),(0.,1.),.UNSPECIFIED.);
#2276=B_SPLINE_SURFACE_WITH_KNOTS('',1,1,((#3813,#3814),(#3815,#3816)),
 .PLANE_SURF.,.F.,.F.,.F.,(2,2),(2,2),(0.0427315991146118,0.954561694782076),
(0.041941840900089,0.95612115358382),.PIECEWISE_BEZIER_KNOTS.);
#2277=B_SPLINE_SURFACE_WITH_KNOTS('',1,1,((#3817,#3818),(#3819,#3820)),
 .PLANE_SURF.,.F.,.F.,.F.,(2,2),(2,2),(0.,1.),(0.,1.),.UNSPECIFIED.);
#2278=B_SPLINE_SURFACE_WITH_KNOTS('',1,1,((#3826,#3827),(#3828,#3829)),
 .PLANE_SURF.,.F.,.F.,.F.,(2,2),(2,2),(0.,1.),(0.,1.),.UNSPECIFIED.);
#2279=B_SPLINE_SURFACE_WITH_KNOTS('',1,1,((#3835,#3836),(#3837,#3838)),
 .PLANE_SURF.,.F.,.F.,.F.,(2,2),(2,2),(0.,1.),(0.,1.),.UNSPECIFIED.);
#2280=B_SPLINE_SURFACE_WITH_KNOTS('',1,1,((#3848,#3849),(#3850,#3851)),
 .PLANE_SURF.,.F.,.F.,.F.,(2,2),(2,2),(0.,1.),(0.,1.),.UNSPECIFIED.);
#2281=B_SPLINE_SURFACE_WITH_KNOTS('',1,1,((#3857,#3858),(#3859,#3860)),
 .PLANE_SURF.,.F.,.F.,.F.,(2,2),(2,2),(0.,1.),(0.,1.),.UNSPECIFIED.);
#2282=B_SPLINE_SURFACE_WITH_KNOTS('',1,1,((#3870,#3871),(#3872,#3873)),
 .PLANE_SURF.,.F.,.F.,.F.,(2,2),(2,2),(0.,1.),(0.,1.),.UNSPECIFIED.);
#2283=B_SPLINE_SURFACE_WITH_KNOTS('',1,1,((#3879,#3880),(#3881,#3882)),
 .PLANE_SURF.,.F.,.F.,.F.,(2,2),(2,2),(0.,1.),(0.,1.),.UNSPECIFIED.);
#2284=B_SPLINE_SURFACE_WITH_KNOTS('',1,1,((#3893,#3894),(#3895,#3896)),
 .PLANE_SURF.,.F.,.F.,.F.,(2,2),(2,2),(0.,1.),(0.,1.),.UNSPECIFIED.);
#2285=B_SPLINE_SURFACE_WITH_KNOTS('',1,1,((#3899,#3900),(#3901,#3902)),
 .PLANE_SURF.,.F.,.F.,.F.,(2,2),(2,2),(0.,1.),(0.,1.),.UNSPECIFIED.);
#2286=B_SPLINE_SURFACE_WITH_KNOTS('',1,1,((#3906,#3907),(#3908,#3909)),
 .PLANE_SURF.,.F.,.F.,.F.,(2,2),(2,2),(0.,1.),(0.,1.),.UNSPECIFIED.);
#2287=B_SPLINE_SURFACE_WITH_KNOTS('',1,1,((#3913,#3914),(#3915,#3916)),
 .PLANE_SURF.,.F.,.F.,.F.,(2,2),(2,2),(0.,1.),(0.,1.),.UNSPECIFIED.);
#2288=B_SPLINE_SURFACE_WITH_KNOTS('',1,1,((#3919,#3920),(#3921,#3922)),
 .PLANE_SURF.,.F.,.F.,.F.,(2,2),(2,2),(0.0454545454545455,0.708989483798644),
(0.0454545454545454,0.954545454545455),.PIECEWISE_BEZIER_KNOTS.);
#2289=B_SPLINE_SURFACE_WITH_KNOTS('',1,1,((#3924,#3925),(#3926,#3927)),
 .PLANE_SURF.,.F.,.F.,.F.,(2,2),(2,2),(0.901163721774409,0.954545454545455),
(0.0454545454545454,0.954545454545454),.PIECEWISE_BEZIER_KNOTS.);
#2290=B_SPLINE_SURFACE_WITH_KNOTS('',1,1,((#3929,#3930),(#3931,#3932)),
 .PLANE_SURF.,.F.,.F.,.F.,(2,2),(2,2),(0.,1.),(0.,1.),.UNSPECIFIED.);
#2291=B_SPLINE_SURFACE_WITH_KNOTS('',1,1,((#3933,#3934),(#3935,#3936)),
 .PLANE_SURF.,.F.,.F.,.F.,(2,2),(2,2),(0.,1.),(0.,1.),.UNSPECIFIED.);
#2292=B_SPLINE_SURFACE_WITH_KNOTS('',1,1,((#3937,#3938),(#3939,#3940)),
 .PLANE_SURF.,.F.,.F.,.F.,(2,2),(2,2),(0.,1.),(0.,1.),.UNSPECIFIED.);
#2293=B_SPLINE_SURFACE_WITH_KNOTS('',1,1,((#3941,#3942),(#3943,#3944)),
 .PLANE_SURF.,.F.,.F.,.F.,(2,2),(2,2),(0.,1.),(0.,1.),.UNSPECIFIED.);
#2294=B_SPLINE_SURFACE_WITH_KNOTS('',1,1,((#3945,#3946),(#3947,#3948)),
 .PLANE_SURF.,.F.,.F.,.F.,(2,2),(2,2),(0.,1.),(0.,1.),.UNSPECIFIED.);
#2295=B_SPLINE_SURFACE_WITH_KNOTS('',1,1,((#3949,#3950),(#3951,#3952)),
 .PLANE_SURF.,.F.,.F.,.F.,(2,2),(2,2),(0.,1.),(0.,1.),.UNSPECIFIED.);
#2296=B_SPLINE_SURFACE_WITH_KNOTS('',1,1,((#3953,#3954),(#3955,#3956)),
 .PLANE_SURF.,.F.,.F.,.F.,(2,2),(2,2),(0.,1.),(0.,1.),.UNSPECIFIED.);
#2297=B_SPLINE_SURFACE_WITH_KNOTS('',1,1,((#3957,#3958),(#3959,#3960)),
 .PLANE_SURF.,.F.,.F.,.F.,(2,2),(2,2),(0.,1.),(0.,1.),.UNSPECIFIED.);
#2298=B_SPLINE_SURFACE_WITH_KNOTS('',1,1,((#3961,#3962),(#3963,#3964)),
 .PLANE_SURF.,.F.,.F.,.F.,(2,2),(2,2),(0.0427315991146118,0.954561694782076),
(0.041941840900089,0.95612115358382),.PIECEWISE_BEZIER_KNOTS.);
#2299=ADVANCED_FACE('',(#2042),#2197,.T.);
#2300=ADVANCED_FACE('',(#2043),#2198,.F.);
#2301=ADVANCED_FACE('',(#2044),#2199,.F.);
#2302=ADVANCED_FACE('',(#2045),#2200,.T.);
#2303=ADVANCED_FACE('',(#2046),#2201,.T.);
#2304=ADVANCED_FACE('',(#2047),#2202,.F.);
#2305=ADVANCED_FACE('',(#2048),#55,.F.);
#2306=ADVANCED_FACE('',(#2049),#56,.F.);
#2307=ADVANCED_FACE('',(#2050),#2203,.F.);
#2308=ADVANCED_FACE('',(#2051),#2204,.F.);
#2309=ADVANCED_FACE('',(#2052),#2205,.T.);
#2310=ADVANCED_FACE('',(#2053),#2206,.T.);
#2311=ADVANCED_FACE('',(#2054,#2055,#2056,#2057,#2058,#2059,#2060,#2061,
#2062,#2063,#2064,#2065,#2066,#2067,#2068,#2069,#2070,#2071,#2072),#2207,
 .F.);
#2312=ADVANCED_FACE('',(#2073,#2074,#2075,#2076,#2077,#2078,#2079,#2080,
#2081,#2082,#2083,#2084,#2085,#2086,#2087,#2088,#2089,#2090,#2091),#2208,
 .T.);
#2313=ADVANCED_FACE('',(#2092),#2209,.T.);
#2314=ADVANCED_FACE('',(#2093),#2210,.F.);
#2315=ADVANCED_FACE('',(#2094),#2211,.F.);
#2316=ADVANCED_FACE('',(#2095),#2212,.T.);
#2317=ADVANCED_FACE('',(#2096),#2213,.T.);
#2318=ADVANCED_FACE('',(#2097),#2214,.F.);
#2319=ADVANCED_FACE('',(#2098),#2215,.F.);
#2320=ADVANCED_FACE('',(#2099),#2216,.T.);
#2321=ADVANCED_FACE('',(#2100),#2217,.T.);
#2322=ADVANCED_FACE('',(#2101),#2218,.F.);
#2323=ADVANCED_FACE('',(#2102),#2219,.F.);
#2324=ADVANCED_FACE('',(#2103),#2220,.T.);
#2325=ADVANCED_FACE('',(#2104),#2221,.T.);
#2326=ADVANCED_FACE('',(#2105),#2222,.F.);
#2327=ADVANCED_FACE('',(#2106),#2223,.F.);
#2328=ADVANCED_FACE('',(#2107),#2224,.T.);
#2329=ADVANCED_FACE('',(#2108),#2225,.T.);
#2330=ADVANCED_FACE('',(#2109),#2226,.F.);
#2331=ADVANCED_FACE('',(#2110),#2227,.F.);
#2332=ADVANCED_FACE('',(#2111),#2228,.T.);
#2333=ADVANCED_FACE('',(#2112),#2229,.T.);
#2334=ADVANCED_FACE('',(#2113),#2230,.F.);
#2335=ADVANCED_FACE('',(#2114),#2231,.F.);
#2336=ADVANCED_FACE('',(#2115),#2232,.T.);
#2337=ADVANCED_FACE('',(#2116),#2233,.T.);
#2338=ADVANCED_FACE('',(#2117),#2234,.F.);
#2339=ADVANCED_FACE('',(#2118),#2235,.F.);
#2340=ADVANCED_FACE('',(#2119),#2236,.T.);
#2341=ADVANCED_FACE('',(#2120),#2237,.T.);
#2342=ADVANCED_FACE('',(#2121),#2238,.F.);
#2343=ADVANCED_FACE('',(#2122),#2239,.F.);
#2344=ADVANCED_FACE('',(#2123),#2240,.T.);
#2345=ADVANCED_FACE('',(#2124),#2241,.T.);
#2346=ADVANCED_FACE('',(#2125),#2242,.F.);
#2347=ADVANCED_FACE('',(#2126),#2243,.F.);
#2348=ADVANCED_FACE('',(#2127),#2244,.T.);
#2349=ADVANCED_FACE('',(#2128),#2245,.T.);
#2350=ADVANCED_FACE('',(#2129),#2246,.F.);
#2351=ADVANCED_FACE('',(#2130),#2247,.F.);
#2352=ADVANCED_FACE('',(#2131),#2248,.T.);
#2353=ADVANCED_FACE('',(#2132),#2249,.T.);
#2354=ADVANCED_FACE('',(#2133),#2250,.F.);
#2355=ADVANCED_FACE('',(#2134),#2251,.F.);
#2356=ADVANCED_FACE('',(#2135),#2252,.T.);
#2357=ADVANCED_FACE('',(#2136),#2253,.T.);
#2358=ADVANCED_FACE('',(#2137),#2254,.F.);
#2359=ADVANCED_FACE('',(#2138),#2255,.F.);
#2360=ADVANCED_FACE('',(#2139),#2256,.T.);
#2361=ADVANCED_FACE('',(#2140),#2257,.T.);
#2362=ADVANCED_FACE('',(#2141),#2258,.F.);
#2363=ADVANCED_FACE('',(#2142),#2259,.F.);
#2364=ADVANCED_FACE('',(#2143),#2260,.T.);
#2365=ADVANCED_FACE('',(#2144),#2261,.T.);
#2366=ADVANCED_FACE('',(#2145),#2262,.F.);
#2367=ADVANCED_FACE('',(#2146),#2263,.F.);
#2368=ADVANCED_FACE('',(#2147),#2264,.T.);
#2369=ADVANCED_FACE('',(#2148),#2265,.T.);
#2370=ADVANCED_FACE('',(#2149),#2266,.F.);
#2371=ADVANCED_FACE('',(#2150),#2267,.F.);
#2372=ADVANCED_FACE('',(#2151),#2268,.T.);
#2373=ADVANCED_FACE('',(#2152),#2269,.T.);
#2374=ADVANCED_FACE('',(#2153),#2270,.F.);
#2375=ADVANCED_FACE('',(#2154),#2271,.F.);
#2376=ADVANCED_FACE('',(#2155),#2272,.T.);
#2377=ADVANCED_FACE('',(#2156),#2273,.F.);
#2378=ADVANCED_FACE('',(#2157),#2274,.T.);
#2379=ADVANCED_FACE('',(#2158),#57,.F.);
#2380=ADVANCED_FACE('',(#2159),#58,.T.);
#2381=ADVANCED_FACE('',(#2160),#59,.F.);
#2382=ADVANCED_FACE('',(#2161),#60,.T.);
#2383=ADVANCED_FACE('',(#2162),#61,.F.);
#2384=ADVANCED_FACE('',(#2163),#62,.T.);
#2385=ADVANCED_FACE('',(#2164),#63,.F.);
#2386=ADVANCED_FACE('',(#2165),#64,.T.);
#2387=ADVANCED_FACE('',(#2166),#65,.F.);
#2388=ADVANCED_FACE('',(#2167),#66,.T.);
#2389=ADVANCED_FACE('',(#2168,#2169,#2170),#2275,.T.);
#2390=ADVANCED_FACE('',(#2171),#67,.F.);
#2391=ADVANCED_FACE('',(#2172),#68,.T.);
#2392=ADVANCED_FACE('',(#2173),#69,.T.);
#2393=ADVANCED_FACE('',(#2174),#2276,.T.);
#2394=ADVANCED_FACE('',(#2175),#2277,.T.);
#2395=ADVANCED_FACE('',(#2176),#2278,.F.);
#2396=ADVANCED_FACE('',(#2177),#2279,.T.);
#2397=ADVANCED_FACE('',(#2178),#2280,.T.);
#2398=ADVANCED_FACE('',(#2179),#2281,.T.);
#2399=ADVANCED_FACE('',(#2180),#2282,.F.);
#2400=ADVANCED_FACE('',(#2181),#2283,.F.);
#2401=ADVANCED_FACE('',(#2182),#2284,.T.);
#2402=ADVANCED_FACE('',(#2183),#2285,.F.);
#2403=ADVANCED_FACE('',(#2184),#2286,.T.);
#2404=ADVANCED_FACE('',(#2185),#2287,.F.);
#2405=ADVANCED_FACE('',(#2186),#2288,.T.);
#2406=ADVANCED_FACE('',(#2187),#2289,.T.);
#2407=ADVANCED_FACE('',(#2188),#2290,.F.);
#2408=ADVANCED_FACE('',(#2189),#2291,.F.);
#2409=ADVANCED_FACE('',(#2190),#2292,.T.);
#2410=ADVANCED_FACE('',(#2191),#2293,.T.);
#2411=ADVANCED_FACE('',(#2192),#2294,.T.);
#2412=ADVANCED_FACE('',(#2193),#2295,.T.);
#2413=ADVANCED_FACE('',(#2194),#2296,.F.);
#2414=ADVANCED_FACE('',(#2195),#2297,.F.);
#2415=ADVANCED_FACE('',(#2196),#2298,.T.);
#2416=CLOSED_SHELL('',(#2299,#2300,#2301,#2302,#2303,#2304));
#2417=CLOSED_SHELL('',(#2305,#2306,#2307,#2308,#2309,#2310,#2311,#2312,
#2313,#2314,#2315,#2316,#2317,#2318,#2319,#2320,#2321,#2322,#2323,#2324,
#2325,#2326,#2327,#2328,#2329,#2330,#2331,#2332,#2333,#2334,#2335,#2336,
#2337,#2338,#2339,#2340,#2341,#2342,#2343,#2344,#2345,#2346,#2347,#2348,
#2349,#2350,#2351,#2352,#2353,#2354,#2355,#2356,#2357,#2358,#2359,#2360,
#2361,#2362,#2363,#2364,#2365,#2366,#2367,#2368,#2369,#2370,#2371,#2372,
#2373,#2374,#2375,#2376,#2377,#2378,#2379,#2380,#2381,#2382));
#2418=CLOSED_SHELL('',(#2383,#2384,#2385,#2386,#2387,#2388,#2389,#2390,
#2391,#2392,#2393,#2394,#2395,#2396,#2397,#2398,#2399,#2400,#2401,#2402,
#2403,#2404,#2405,#2406,#2407,#2408,#2409,#2410,#2411,#2412,#2413,#2414,
#2415));
#2419=STYLED_ITEM('',(#2422),#2443);
#2420=STYLED_ITEM('',(#2423),#2444);
#2421=STYLED_ITEM('',(#2424),#2445);
#2422=PRESENTATION_STYLE_ASSIGNMENT((#2425));
#2423=PRESENTATION_STYLE_ASSIGNMENT((#2426));
#2424=PRESENTATION_STYLE_ASSIGNMENT((#2427));
#2425=SURFACE_STYLE_USAGE(.BOTH.,#2428);
#2426=SURFACE_STYLE_USAGE(.BOTH.,#2429);
#2427=SURFACE_STYLE_USAGE(.BOTH.,#2430);
#2428=SURFACE_SIDE_STYLE('',(#2431));
#2429=SURFACE_SIDE_STYLE('',(#2432));
#2430=SURFACE_SIDE_STYLE('',(#2433));
#2431=SURFACE_STYLE_FILL_AREA(#2434);
#2432=SURFACE_STYLE_FILL_AREA(#2435);
#2433=SURFACE_STYLE_FILL_AREA(#2436);
#2434=FILL_AREA_STYLE('',(#2437));
#2435=FILL_AREA_STYLE('',(#2438));
#2436=FILL_AREA_STYLE('',(#2439));
#2437=FILL_AREA_STYLE_COLOUR('',#2440);
#2438=FILL_AREA_STYLE_COLOUR('',#2441);
#2439=FILL_AREA_STYLE_COLOUR('',#2442);
#2440=COLOUR_RGB('',0.282352941176471,0.549019607843137,0.16078431372549);
#2441=COLOUR_RGB('',0.231372549019608,0.380392156862745,0.705882352941177);
#2442=COLOUR_RGB('',0.917647058823529,0.917647058823529,0.917647058823529);
#2443=MANIFOLD_SOLID_BREP('pcb',#2416);
#2444=MANIFOLD_SOLID_BREP('Part 2',#2417);
#2445=MANIFOLD_SOLID_BREP('Part 3',#2418);
#2446=SHAPE_DEFINITION_REPRESENTATION(#3978,#2450);
#2447=SHAPE_DEFINITION_REPRESENTATION(#3979,#2451);
#2448=SHAPE_DEFINITION_REPRESENTATION(#3981,#2452);
#2449=SHAPE_DEFINITION_REPRESENTATION(#3983,#2453);
#2450=SHAPE_REPRESENTATION('Assembly 1',(#2454,#2455,#2470,#2493),#3967);
#2451=SHAPE_REPRESENTATION('pcb',(#2454),#3968);
#2452=SHAPE_REPRESENTATION('Part 2',(#2454),#3969);
#2453=SHAPE_REPRESENTATION('Part 3',(#2454),#3970);
#2454=AXIS2_PLACEMENT_3D('',#2862,#2494,#2495);
#2455=AXIS2_PLACEMENT_3D('',#2907,#2508,#2509);
#2456=AXIS2_PLACEMENT_3D('',#2916,#2510,#2511);
#2457=AXIS2_PLACEMENT_3D('',#2922,#2512,#2513);
#2458=AXIS2_PLACEMENT_3D('',#2934,#2514,#2515);
#2459=AXIS2_PLACEMENT_3D('',#2940,#2516,#2517);
#2460=AXIS2_PLACEMENT_3D('',#2996,#2534,#2535);
#2461=AXIS2_PLACEMENT_3D('',#2997,#2536,#2537);
#2462=AXIS2_PLACEMENT_3D('',#2998,#2538,#2539);
#2463=AXIS2_PLACEMENT_3D('',#3000,#2540,#2541);
#2464=AXIS2_PLACEMENT_3D('',#3002,#2543,#2544);
#2465=AXIS2_PLACEMENT_3D('',#3136,#2610,#2611);
#2466=AXIS2_PLACEMENT_3D('',#3137,#2612,#2613);
#2467=AXIS2_PLACEMENT_3D('',#3138,#2614,#2615);
#2468=AXIS2_PLACEMENT_3D('',#3140,#2616,#2617);
#2469=AXIS2_PLACEMENT_3D('',#3142,#2619,#2620);
#2470=AXIS2_PLACEMENT_3D('',#3632,#2750,#2751);
#2471=AXIS2_PLACEMENT_3D('',#3641,#2752,#2753);
#2472=AXIS2_PLACEMENT_3D('',#3647,#2754,#2755);
#2473=AXIS2_PLACEMENT_3D('',#3659,#2756,#2757);
#2474=AXIS2_PLACEMENT_3D('',#3665,#2758,#2759);
#2475=AXIS2_PLACEMENT_3D('',#3676,#2761,#2762);
#2476=AXIS2_PLACEMENT_3D('',#3682,#2763,#2764);
#2477=AXIS2_PLACEMENT_3D('',#3703,#2766,#2767);
#2478=AXIS2_PLACEMENT_3D('',#3705,#2768,#2769);
#2479=AXIS2_PLACEMENT_3D('',#3709,#2771,#2772);
#2480=AXIS2_PLACEMENT_3D('',#3711,#2773,#2774);
#2481=AXIS2_PLACEMENT_3D('',#3720,#2775,#2776);
#2482=AXIS2_PLACEMENT_3D('',#3721,#2777,#2778);
#2483=AXIS2_PLACEMENT_3D('',#3730,#2779,#2780);
#2484=AXIS2_PLACEMENT_3D('',#3734,#2782,#2783);
#2485=AXIS2_PLACEMENT_3D('',#3754,#2792,#2793);
#2486=AXIS2_PLACEMENT_3D('',#3756,#2794,#2795);
#2487=AXIS2_PLACEMENT_3D('',#3768,#2801,#2802);
#2488=AXIS2_PLACEMENT_3D('',#3775,#2806,#2807);
#2489=AXIS2_PLACEMENT_3D('',#3784,#2808,#2809);
#2490=AXIS2_PLACEMENT_3D('',#3795,#2811,#2812);
#2491=AXIS2_PLACEMENT_3D('',#3808,#2815,#2816);
#2492=AXIS2_PLACEMENT_3D('',#3810,#2817,#2818);
#2493=AXIS2_PLACEMENT_3D('',#3965,#2860,#2861);
#2494=DIRECTION('',(0.,0.,1.));
#2495=DIRECTION('',(1.,0.,0.));
#2496=DIRECTION('',(1.,0.,-1.38777878078145E-15));
#2497=DIRECTION('',(0.,-1.,0.));
#2498=DIRECTION('',(1.,0.,-1.38777878078145E-15));
#2499=DIRECTION('',(0.,-1.,0.));
#2500=DIRECTION('',(1.62980479246206E-16,0.,1.));
#2501=DIRECTION('',(0.,-1.,0.));
#2502=DIRECTION('',(1.62980479246206E-16,0.,1.));
#2503=DIRECTION('',(1.,0.,-5.70431677361722E-16));
#2504=DIRECTION('',(0.,-1.,0.));
#2505=DIRECTION('',(1.,0.,-5.70431677361722E-16));
#2506=DIRECTION('',(1.22235359434655E-16,0.,1.));
#2507=DIRECTION('',(1.22235359434655E-16,0.,1.));
#2508=DIRECTION('',(0.,0.,1.));
#2509=DIRECTION('',(1.,0.,0.));
#2510=DIRECTION('',(0.,1.,0.));
#2511=DIRECTION('',(1.,0.,0.));
#2512=DIRECTION('',(0.,1.,0.));
#2513=DIRECTION('',(1.,0.,0.));
#2514=DIRECTION('',(0.,1.,0.));
#2515=DIRECTION('',(1.,0.,0.));
#2516=DIRECTION('',(0.,1.,0.));
#2517=DIRECTION('',(1.,0.,0.));
#2518=DIRECTION('',(0.,-1.,0.));
#2519=DIRECTION('',(0.,0.,1.));
#2520=DIRECTION('',(0.,-1.,0.));
#2521=DIRECTION('',(0.,0.,1.));
#2522=DIRECTION('',(0.,-1.,0.));
#2523=DIRECTION('',(0.,0.,1.));
#2524=DIRECTION('',(0.,-1.,0.));
#2525=DIRECTION('',(0.,0.,1.));
#2526=DIRECTION('',(0.,0.,1.));
#2527=DIRECTION('',(0.,-1.,0.));
#2528=DIRECTION('',(0.,0.,1.));
#2529=DIRECTION('',(0.,-1.,0.));
#2530=DIRECTION('',(0.,0.,1.));
#2531=DIRECTION('',(0.,-1.,0.));
#2532=DIRECTION('',(0.,0.,1.));
#2533=DIRECTION('',(0.,-1.,0.));
#2534=DIRECTION('',(0.,1.,0.));
#2535=DIRECTION('',(1.,0.,0.));
#2536=DIRECTION('',(0.,1.,0.));
#2537=DIRECTION('',(1.,0.,0.));
#2538=DIRECTION('',(0.,1.,0.));
#2539=DIRECTION('',(1.,0.,0.));
#2540=DIRECTION('',(0.,1.,0.));
#2541=DIRECTION('',(1.,0.,0.));
#2542=DIRECTION('',(1.,0.,0.));
#2543=DIRECTION('',(0.,1.,0.));
#2544=DIRECTION('',(1.,0.,0.));
#2545=DIRECTION('',(1.,0.,0.));
#2546=DIRECTION('',(0.,0.,1.));
#2547=DIRECTION('',(1.,0.,0.));
#2548=DIRECTION('',(0.,0.,1.));
#2549=DIRECTION('',(1.,0.,0.));
#2550=DIRECTION('',(6.20874544014605E-17,0.,1.));
#2551=DIRECTION('',(1.,0.,0.));
#2552=DIRECTION('',(0.,0.,1.));
#2553=DIRECTION('',(1.,0.,0.));
#2554=DIRECTION('',(0.,0.,1.));
#2555=DIRECTION('',(1.,0.,0.));
#2556=DIRECTION('',(0.,0.,1.));
#2557=DIRECTION('',(1.,0.,0.));
#2558=DIRECTION('',(0.,0.,1.));
#2559=DIRECTION('',(1.,0.,0.));
#2560=DIRECTION('',(0.,0.,1.));
#2561=DIRECTION('',(1.,0.,0.));
#2562=DIRECTION('',(0.,0.,1.));
#2563=DIRECTION('',(1.,0.,0.));
#2564=DIRECTION('',(0.,0.,1.));
#2565=DIRECTION('',(1.,0.,0.));
#2566=DIRECTION('',(6.20874544014605E-17,0.,1.));
#2567=DIRECTION('',(1.,0.,0.));
#2568=DIRECTION('',(0.,0.,1.));
#2569=DIRECTION('',(1.,0.,0.));
#2570=DIRECTION('',(0.,0.,1.));
#2571=DIRECTION('',(1.,0.,0.));
#2572=DIRECTION('',(0.,0.,1.));
#2573=DIRECTION('',(1.,0.,0.));
#2574=DIRECTION('',(0.,0.,1.));
#2575=DIRECTION('',(1.,0.,0.));
#2576=DIRECTION('',(0.,0.,1.));
#2577=DIRECTION('',(1.,0.,0.));
#2578=DIRECTION('',(6.20874544014605E-17,0.,1.));
#2579=DIRECTION('',(1.,0.,0.));
#2580=DIRECTION('',(0.,0.,1.));
#2581=DIRECTION('',(1.,0.,0.));
#2582=DIRECTION('',(0.,0.,1.));
#2583=DIRECTION('',(1.,0.,0.));
#2584=DIRECTION('',(0.,0.,1.));
#2585=DIRECTION('',(1.,0.,0.));
#2586=DIRECTION('',(0.,0.,1.));
#2587=DIRECTION('',(1.,0.,0.));
#2588=DIRECTION('',(0.,0.,1.));
#2589=DIRECTION('',(1.,0.,0.));
#2590=DIRECTION('',(6.20874544014605E-17,0.,1.));
#2591=DIRECTION('',(1.,0.,0.));
#2592=DIRECTION('',(0.,0.,1.));
#2593=DIRECTION('',(1.,0.,0.));
#2594=DIRECTION('',(0.,0.,1.));
#2595=DIRECTION('',(1.,0.,0.));
#2596=DIRECTION('',(0.,0.,1.));
#2597=DIRECTION('',(1.,0.,0.));
#2598=DIRECTION('',(0.,0.,1.));
#2599=DIRECTION('',(1.,0.,0.));
#2600=DIRECTION('',(0.,0.,1.));
#2601=DIRECTION('',(1.,0.,0.));
#2602=DIRECTION('',(0.,0.,1.));
#2603=DIRECTION('',(1.,0.,0.));
#2604=DIRECTION('',(0.,0.,1.));
#2605=DIRECTION('',(1.,0.,0.));
#2606=DIRECTION('',(1.,0.,0.));
#2607=DIRECTION('',(0.,0.,1.));
#2608=DIRECTION('',(1.,0.,0.));
#2609=DIRECTION('',(0.,0.,1.));
#2610=DIRECTION('',(0.,1.,0.));
#2611=DIRECTION('',(1.,0.,0.));
#2612=DIRECTION('',(0.,1.,0.));
#2613=DIRECTION('',(1.,0.,0.));
#2614=DIRECTION('',(0.,1.,0.));
#2615=DIRECTION('',(1.,0.,0.));
#2616=DIRECTION('',(0.,1.,0.));
#2617=DIRECTION('',(1.,0.,0.));
#2618=DIRECTION('',(1.,0.,0.));
#2619=DIRECTION('',(0.,1.,0.));
#2620=DIRECTION('',(1.,0.,0.));
#2621=DIRECTION('',(1.,0.,0.));
#2622=DIRECTION('',(-1.,0.,0.));
#2623=DIRECTION('',(0.,0.,-1.));
#2624=DIRECTION('',(-1.,0.,0.));
#2625=DIRECTION('',(0.,0.,-1.));
#2626=DIRECTION('',(-1.,0.,0.));
#2627=DIRECTION('',(-6.20874544014605E-17,0.,-1.));
#2628=DIRECTION('',(-1.,0.,0.));
#2629=DIRECTION('',(0.,0.,-1.));
#2630=DIRECTION('',(-1.,0.,0.));
#2631=DIRECTION('',(0.,0.,-1.));
#2632=DIRECTION('',(-1.,0.,0.));
#2633=DIRECTION('',(0.,0.,-1.));
#2634=DIRECTION('',(-1.,0.,0.));
#2635=DIRECTION('',(0.,0.,-1.));
#2636=DIRECTION('',(-1.,0.,0.));
#2637=DIRECTION('',(0.,0.,-1.));
#2638=DIRECTION('',(-1.,0.,0.));
#2639=DIRECTION('',(0.,0.,-1.));
#2640=DIRECTION('',(-1.,0.,0.));
#2641=DIRECTION('',(0.,0.,-1.));
#2642=DIRECTION('',(-1.,0.,0.));
#2643=DIRECTION('',(-6.20874544014605E-17,0.,-1.));
#2644=DIRECTION('',(-1.,0.,0.));
#2645=DIRECTION('',(0.,0.,-1.));
#2646=DIRECTION('',(-1.,0.,0.));
#2647=DIRECTION('',(0.,0.,-1.));
#2648=DIRECTION('',(-1.,0.,0.));
#2649=DIRECTION('',(0.,0.,-1.));
#2650=DIRECTION('',(-1.,0.,0.));
#2651=DIRECTION('',(0.,0.,-1.));
#2652=DIRECTION('',(-1.,0.,0.));
#2653=DIRECTION('',(0.,0.,-1.));
#2654=DIRECTION('',(-1.,0.,0.));
#2655=DIRECTION('',(-6.20874544014605E-17,0.,-1.));
#2656=DIRECTION('',(-1.,0.,0.));
#2657=DIRECTION('',(0.,0.,-1.));
#2658=DIRECTION('',(-1.,0.,0.));
#2659=DIRECTION('',(0.,0.,-1.));
#2660=DIRECTION('',(-1.,0.,0.));
#2661=DIRECTION('',(0.,0.,-1.));
#2662=DIRECTION('',(-1.,0.,0.));
#2663=DIRECTION('',(0.,0.,-1.));
#2664=DIRECTION('',(-1.,0.,0.));
#2665=DIRECTION('',(0.,0.,-1.));
#2666=DIRECTION('',(-1.,0.,0.));
#2667=DIRECTION('',(-6.20874544014605E-17,0.,-1.));
#2668=DIRECTION('',(-1.,0.,0.));
#2669=DIRECTION('',(0.,0.,-1.));
#2670=DIRECTION('',(-1.,0.,0.));
#2671=DIRECTION('',(0.,0.,-1.));
#2672=DIRECTION('',(-1.,0.,0.));
#2673=DIRECTION('',(0.,0.,-1.));
#2674=DIRECTION('',(-1.,0.,0.));
#2675=DIRECTION('',(0.,0.,-1.));
#2676=DIRECTION('',(-1.,0.,0.));
#2677=DIRECTION('',(0.,0.,-1.));
#2678=DIRECTION('',(-1.,0.,0.));
#2679=DIRECTION('',(0.,0.,-1.));
#2680=DIRECTION('',(-1.,0.,0.));
#2681=DIRECTION('',(0.,0.,-1.));
#2682=DIRECTION('',(-1.,0.,0.));
#2683=DIRECTION('',(0.,0.,1.));
#2684=DIRECTION('',(-1.,0.,0.));
#2685=DIRECTION('',(0.,0.,1.));
#2686=DIRECTION('',(0.,-1.,0.));
#2687=DIRECTION('',(0.,-1.,0.));
#2688=DIRECTION('',(0.,-1.,0.));
#2689=DIRECTION('',(0.,-1.,0.));
#2690=DIRECTION('',(0.,-1.,0.));
#2691=DIRECTION('',(0.,-1.,0.));
#2692=DIRECTION('',(0.,-1.,0.));
#2693=DIRECTION('',(0.,-1.,0.));
#2694=DIRECTION('',(0.,-1.,0.));
#2695=DIRECTION('',(0.,-1.,0.));
#2696=DIRECTION('',(0.,-1.,0.));
#2697=DIRECTION('',(0.,-1.,0.));
#2698=DIRECTION('',(0.,-1.,0.));
#2699=DIRECTION('',(0.,-1.,0.));
#2700=DIRECTION('',(0.,-1.,0.));
#2701=DIRECTION('',(0.,-1.,0.));
#2702=DIRECTION('',(0.,-1.,0.));
#2703=DIRECTION('',(0.,-1.,0.));
#2704=DIRECTION('',(0.,-1.,0.));
#2705=DIRECTION('',(0.,-1.,0.));
#2706=DIRECTION('',(0.,-1.,0.));
#2707=DIRECTION('',(0.,-1.,0.));
#2708=DIRECTION('',(0.,-1.,0.));
#2709=DIRECTION('',(0.,-1.,0.));
#2710=DIRECTION('',(0.,-1.,0.));
#2711=DIRECTION('',(0.,-1.,0.));
#2712=DIRECTION('',(0.,-1.,0.));
#2713=DIRECTION('',(0.,-1.,0.));
#2714=DIRECTION('',(0.,-1.,0.));
#2715=DIRECTION('',(0.,-1.,0.));
#2716=DIRECTION('',(0.,-1.,0.));
#2717=DIRECTION('',(0.,-1.,0.));
#2718=DIRECTION('',(0.,-1.,0.));
#2719=DIRECTION('',(0.,-1.,0.));
#2720=DIRECTION('',(0.,-1.,0.));
#2721=DIRECTION('',(0.,-1.,0.));
#2722=DIRECTION('',(0.,-1.,0.));
#2723=DIRECTION('',(0.,-1.,0.));
#2724=DIRECTION('',(0.,-1.,0.));
#2725=DIRECTION('',(0.,-1.,0.));
#2726=DIRECTION('',(0.,-1.,0.));
#2727=DIRECTION('',(0.,-1.,0.));
#2728=DIRECTION('',(0.,-1.,0.));
#2729=DIRECTION('',(0.,-1.,0.));
#2730=DIRECTION('',(0.,-1.,0.));
#2731=DIRECTION('',(0.,-1.,0.));
#2732=DIRECTION('',(0.,-1.,0.));
#2733=DIRECTION('',(0.,-1.,0.));
#2734=DIRECTION('',(0.,-1.,0.));
#2735=DIRECTION('',(0.,-1.,0.));
#2736=DIRECTION('',(0.,-1.,0.));
#2737=DIRECTION('',(0.,-1.,0.));
#2738=DIRECTION('',(0.,-1.,0.));
#2739=DIRECTION('',(0.,-1.,0.));
#2740=DIRECTION('',(0.,-1.,0.));
#2741=DIRECTION('',(0.,-1.,0.));
#2742=DIRECTION('',(0.,-1.,0.));
#2743=DIRECTION('',(0.,-1.,0.));
#2744=DIRECTION('',(0.,-1.,0.));
#2745=DIRECTION('',(0.,-1.,0.));
#2746=DIRECTION('',(0.,-1.,0.));
#2747=DIRECTION('',(0.,-1.,0.));
#2748=DIRECTION('',(0.,-1.,0.));
#2749=DIRECTION('',(0.,-1.,0.));
#2750=DIRECTION('',(0.,0.,1.));
#2751=DIRECTION('',(1.,0.,0.));
#2752=DIRECTION('',(0.,1.,0.));
#2753=DIRECTION('',(1.,0.,0.));
#2754=DIRECTION('',(0.,1.,0.));
#2755=DIRECTION('',(1.,0.,0.));
#2756=DIRECTION('',(0.,1.,0.));
#2757=DIRECTION('',(1.,0.,0.));
#2758=DIRECTION('',(0.,1.,0.));
#2759=DIRECTION('',(1.,0.,0.));
#2760=DIRECTION('',(0.,-1.,0.));
#2761=DIRECTION('',(0.,1.,0.));
#2762=DIRECTION('',(1.,0.,0.));
#2763=DIRECTION('',(0.,1.,0.));
#2764=DIRECTION('',(1.,0.,0.));
#2765=DIRECTION('',(0.,-1.,0.));
#2766=DIRECTION('',(0.,1.,0.));
#2767=DIRECTION('',(1.,0.,0.));
#2768=DIRECTION('',(0.,1.,0.));
#2769=DIRECTION('',(1.,0.,0.));
#2770=DIRECTION('',(0.,-1.,0.));
#2771=DIRECTION('',(0.,1.,0.));
#2772=DIRECTION('',(1.,0.,0.));
#2773=DIRECTION('',(0.,1.,0.));
#2774=DIRECTION('',(1.,0.,0.));
#2775=DIRECTION('',(0.,1.,0.));
#2776=DIRECTION('',(1.,0.,0.));
#2777=DIRECTION('',(0.,1.,0.));
#2778=DIRECTION('',(1.,0.,0.));
#2779=DIRECTION('',(0.,1.,0.));
#2780=DIRECTION('',(1.,0.,0.));
#2781=DIRECTION('',(0.,-1.,0.));
#2782=DIRECTION('',(0.,1.,0.));
#2783=DIRECTION('',(1.,0.,0.));
#2784=DIRECTION('',(0.,0.,1.));
#2785=DIRECTION('',(1.,0.,-1.62980479246206E-16));
#2786=DIRECTION('',(0.,0.,1.));
#2787=DIRECTION('',(1.,0.,0.));
#2788=DIRECTION('',(0.,0.,1.));
#2789=DIRECTION('',(0.,0.,1.));
#2790=DIRECTION('',(1.,0.,0.));
#2791=DIRECTION('',(0.,0.,1.));
#2792=DIRECTION('',(0.,1.,0.));
#2793=DIRECTION('',(1.,0.,0.));
#2794=DIRECTION('',(0.,1.,0.));
#2795=DIRECTION('',(1.,0.,0.));
#2796=DIRECTION('',(0.,0.,1.));
#2797=DIRECTION('',(1.,0.,0.));
#2798=DIRECTION('',(0.,0.,1.));
#2799=DIRECTION('',(1.,0.,-1.62980479246206E-16));
#2800=DIRECTION('',(0.,0.,1.));
#2801=DIRECTION('',(0.,1.,0.));
#2802=DIRECTION('',(1.,0.,0.));
#2803=DIRECTION('',(0.,0.,1.));
#2804=DIRECTION('',(1.,0.,0.));
#2805=DIRECTION('',(0.,0.,1.));
#2806=DIRECTION('',(0.,1.,0.));
#2807=DIRECTION('',(1.,0.,0.));
#2808=DIRECTION('',(0.,1.,0.));
#2809=DIRECTION('',(1.,0.,0.));
#2810=DIRECTION('',(0.,-1.,0.));
#2811=DIRECTION('',(0.,1.,0.));
#2812=DIRECTION('',(1.,0.,0.));
#2813=DIRECTION('',(0.,-1.,0.));
#2814=DIRECTION('',(0.,1.,0.));
#2815=DIRECTION('',(0.,1.,0.));
#2816=DIRECTION('',(1.,0.,0.));
#2817=DIRECTION('',(0.,1.,0.));
#2818=DIRECTION('',(1.,0.,0.));
#2819=DIRECTION('',(0.,1.,0.));
#2820=DIRECTION('',(0.,-1.,0.));
#2821=DIRECTION('',(0.,0.,-1.));
#2822=DIRECTION('',(0.,-1.,0.));
#2823=DIRECTION('',(0.,-1.,0.));
#2824=DIRECTION('',(0.,0.,-1.));
#2825=DIRECTION('',(0.,-1.,0.));
#2826=DIRECTION('',(1.62980479246206E-16,0.,1.));
#2827=DIRECTION('',(1.,0.,-5.70431677361722E-16));
#2828=DIRECTION('',(1.62980479246206E-16,0.,1.));
#2829=DIRECTION('',(1.,0.,-3.3494258586841E-16));
#2830=DIRECTION('',(1.62980479246206E-16,0.,1.));
#2831=DIRECTION('',(1.62980479246206E-16,0.,1.));
#2832=DIRECTION('',(0.,-1.,0.));
#2833=DIRECTION('',(0.,-1.,0.));
#2834=DIRECTION('',(1.22235359434655E-16,0.,1.));
#2835=DIRECTION('',(1.22235359434655E-16,0.,1.));
#2836=DIRECTION('',(1.,0.,-1.38777878078145E-15));
#2837=DIRECTION('',(1.62980479246206E-16,0.,1.));
#2838=DIRECTION('',(1.,0.,-5.70431677361722E-16));
#2839=DIRECTION('',(1.62980479246206E-16,0.,1.));
#2840=DIRECTION('',(0.,-1.,0.));
#2841=DIRECTION('',(0.,-1.,0.));
#2842=DIRECTION('',(0.,0.,1.));
#2843=DIRECTION('',(0.,0.,1.));
#2844=DIRECTION('',(1.,0.,0.));
#2845=DIRECTION('',(0.,0.,1.));
#2846=DIRECTION('',(0.,0.,1.));
#2847=DIRECTION('',(1.,0.,0.));
#2848=DIRECTION('',(0.,1.,0.));
#2849=DIRECTION('',(0.,1.,0.));
#2850=DIRECTION('',(1.,0.,0.));
#2851=DIRECTION('',(0.,1.,0.));
#2852=DIRECTION('',(0.,1.,0.));
#2853=DIRECTION('',(1.,0.,-1.62980479246206E-16));
#2854=DIRECTION('',(1.,0.,0.));
#2855=DIRECTION('',(1.,0.,-1.62980479246206E-16));
#2856=DIRECTION('',(0.,1.,0.));
#2857=DIRECTION('',(0.,1.,0.));
#2858=DIRECTION('',(0.,1.,0.));
#2859=DIRECTION('',(0.,1.,0.));
#2860=DIRECTION('',(0.,0.,1.));
#2861=DIRECTION('',(1.,0.,0.));
#2862=CARTESIAN_POINT('',(0.,0.,0.));
#2863=CARTESIAN_POINT('',(34.9230120491981,1.42,-32.6725224465132));
#2864=CARTESIAN_POINT('',(34.9230120491981,3.18,-32.6725224465132));
#2865=CARTESIAN_POINT('',(-58.7419879508019,1.42,-32.6725224465131));
#2866=CARTESIAN_POINT('',(-58.7419879508019,3.18,-32.6725224465131));
#2867=CARTESIAN_POINT('',(28.1655120491981,1.5,-32.6725224465132));
#2868=CARTESIAN_POINT('',(-54.4844879508019,1.5,-32.6725224465131));
#2869=CARTESIAN_POINT('',(30.6655120491981,1.5,-32.6725224465132));
#2870=CARTESIAN_POINT('',(-54.4844879508019,3.1,-32.6725224465131));
#2871=CARTESIAN_POINT('',(-54.4844879508019,3.1,-32.6725224465131));
#2872=CARTESIAN_POINT('',(28.1655120491981,3.1,-32.6725224465132));
#2873=CARTESIAN_POINT('',(30.6655120491981,3.1,-32.6725224465132));
#2874=CARTESIAN_POINT('',(30.6655120491981,3.1,-32.6725224465132));
#2875=CARTESIAN_POINT('',(-54.4844879508018,1.42,56.7349775534868));
#2876=CARTESIAN_POINT('',(-54.4844879508018,3.18,56.7349775534868));
#2877=CARTESIAN_POINT('',(-54.4844879508018,1.42,-36.9300224465131));
#2878=CARTESIAN_POINT('',(-54.4844879508018,3.18,-36.9300224465131));
#2879=CARTESIAN_POINT('',(-54.4844879508018,1.5,9.90247755348683));
#2880=CARTESIAN_POINT('',(-54.4844879508018,1.5,52.4774775534868));
#2881=CARTESIAN_POINT('',(-54.4844879508018,3.1,52.4774775534868));
#2882=CARTESIAN_POINT('',(-54.4844879508018,3.1,52.4774775534868));
#2883=CARTESIAN_POINT('',(-54.4844879508018,3.1,9.90247755348683));
#2884=CARTESIAN_POINT('',(34.9230120491981,1.42,52.4774775534868));
#2885=CARTESIAN_POINT('',(34.9230120491981,3.18,52.4774775534868));
#2886=CARTESIAN_POINT('',(-58.7419879508018,1.42,52.4774775534868));
#2887=CARTESIAN_POINT('',(-58.7419879508018,3.18,52.4774775534868));
#2888=CARTESIAN_POINT('',(-11.9094879508018,1.5,52.4774775534868));
#2889=CARTESIAN_POINT('',(30.6655120491981,1.5,52.4774775534868));
#2890=CARTESIAN_POINT('',(30.6655120491981,3.1,52.4774775534868));
#2891=CARTESIAN_POINT('',(30.6655120491981,3.1,52.4774775534868));
#2892=CARTESIAN_POINT('',(-11.9094879508018,3.1,52.4774775534868));
#2893=CARTESIAN_POINT('',(30.6655120491982,1.42,56.7349775534868));
#2894=CARTESIAN_POINT('',(30.6655120491982,3.18,56.7349775534868));
#2895=CARTESIAN_POINT('',(30.6655120491981,1.42,-36.9300224465132));
#2896=CARTESIAN_POINT('',(30.6655120491981,3.18,-36.9300224465132));
#2897=CARTESIAN_POINT('',(30.6655120491981,1.5,9.90247755348679));
#2898=CARTESIAN_POINT('',(30.6655120491981,3.1,9.90247755348679));
#2899=CARTESIAN_POINT('',(-58.7419879508019,3.1,56.7349775534868));
#2900=CARTESIAN_POINT('',(-58.7419879508019,3.1,-36.9300224465132));
#2901=CARTESIAN_POINT('',(34.9230120491981,3.1,56.7349775534868));
#2902=CARTESIAN_POINT('',(34.9230120491981,3.1,-36.9300224465132));
#2903=CARTESIAN_POINT('',(-58.7419879508019,1.5,56.7349775534868));
#2904=CARTESIAN_POINT('',(-58.7419879508019,1.5,-36.9300224465132));
#2905=CARTESIAN_POINT('',(34.9230120491981,1.5,56.7349775534868));
#2906=CARTESIAN_POINT('',(34.9230120491981,1.5,-36.9300224465132));
#2907=CARTESIAN_POINT('',(0.,0.,0.));
#2908=CARTESIAN_POINT('',(-56.7844879508019,13.,9.90247755348681));
#2909=CARTESIAN_POINT('',(-56.7844879508019,10.,9.90247755348681));
#2910=CARTESIAN_POINT('',(-56.7844879508019,13.,13.3024775534868));
#2911=CARTESIAN_POINT('',(-56.7844879508019,10.,13.3024775534868));
#2912=CARTESIAN_POINT('',(-60.1844879508019,13.,13.3024775534868));
#2913=CARTESIAN_POINT('',(-60.1844879508019,10.,13.3024775534868));
#2914=CARTESIAN_POINT('',(-60.1844879508019,13.,9.90247755348681));
#2915=CARTESIAN_POINT('',(-60.1844879508019,10.,9.90247755348681));
#2916=CARTESIAN_POINT('',(-58.4844879508019,13.,9.90247755348681));
#2917=CARTESIAN_POINT('',(-60.1844879508019,13.,9.90247755348681));
#2918=CARTESIAN_POINT('',(-56.7844879508019,13.,9.90247755348681));
#2919=CARTESIAN_POINT('',(-56.7844879508019,13.15,9.90247755348681));
#2920=CARTESIAN_POINT('',(-56.7844879508019,9.85,9.90247755348681));
#2921=CARTESIAN_POINT('',(-56.7844879508019,10.,9.90247755348681));
#2922=CARTESIAN_POINT('',(-58.4844879508019,10.,9.90247755348681));
#2923=CARTESIAN_POINT('',(-60.1844879508019,10.,9.90247755348681));
#2924=CARTESIAN_POINT('',(-60.1844879508019,13.15,9.90247755348681));
#2925=CARTESIAN_POINT('',(-60.1844879508019,9.85,9.90247755348681));
#2926=CARTESIAN_POINT('',(36.3655120491982,13.,9.9024775534868));
#2927=CARTESIAN_POINT('',(36.3655120491982,10.,9.9024775534868));
#2928=CARTESIAN_POINT('',(36.3655120491982,13.,13.3024775534868));
#2929=CARTESIAN_POINT('',(36.3655120491982,10.,13.3024775534868));
#2930=CARTESIAN_POINT('',(32.9655120491982,13.,13.3024775534868));
#2931=CARTESIAN_POINT('',(32.9655120491982,10.,13.3024775534868));
#2932=CARTESIAN_POINT('',(32.9655120491982,13.,9.9024775534868));
#2933=CARTESIAN_POINT('',(32.9655120491982,10.,9.9024775534868));
#2934=CARTESIAN_POINT('',(34.6655120491982,13.,9.9024775534868));
#2935=CARTESIAN_POINT('',(32.9655120491982,13.,9.9024775534868));
#2936=CARTESIAN_POINT('',(36.3655120491982,13.,9.9024775534868));
#2937=CARTESIAN_POINT('',(36.3655120491982,13.15,9.9024775534868));
#2938=CARTESIAN_POINT('',(36.3655120491982,9.85,9.9024775534868));
#2939=CARTESIAN_POINT('',(36.3655120491982,10.,9.9024775534868));
#2940=CARTESIAN_POINT('',(34.6655120491982,10.,9.9024775534868));
#2941=CARTESIAN_POINT('',(32.9655120491982,10.,9.9024775534868));
#2942=CARTESIAN_POINT('',(32.9655120491982,13.15,9.9024775534868));
#2943=CARTESIAN_POINT('',(32.9655120491982,9.85,9.9024775534868));
#2944=CARTESIAN_POINT('',(-58.4844879508019,13.15,61.1349775534868));
#2945=CARTESIAN_POINT('',(-58.4844879508019,13.15,-41.3300224465132));
#2946=CARTESIAN_POINT('',(-58.4844879508019,9.85,61.1349775534868));
#2947=CARTESIAN_POINT('',(-58.4844879508019,9.85,-41.3300224465132));
#2948=CARTESIAN_POINT('',(-58.4844879508019,13.,14.9024775534868));
#2949=CARTESIAN_POINT('',(-58.4844879508019,10.,14.9024775534868));
#2950=CARTESIAN_POINT('',(-58.4844879508019,13.,14.9024775534868));
#2951=CARTESIAN_POINT('',(-58.4844879508019,10.,12.4024775534868));
#2952=CARTESIAN_POINT('',(-58.4844879508019,10.,56.4774775534868));
#2953=CARTESIAN_POINT('',(-58.4844879508019,13.,56.4774775534868));
#2954=CARTESIAN_POINT('',(-58.4844879508019,13.,56.4774775534868));
#2955=CARTESIAN_POINT('',(-58.4844879508019,13.,12.4024775534868));
#2956=CARTESIAN_POINT('',(-58.4844879508019,13.15,61.1349775534868));
#2957=CARTESIAN_POINT('',(-58.4844879508019,13.15,-41.3300224465132));
#2958=CARTESIAN_POINT('',(-58.4844879508019,9.85,61.1349775534868));
#2959=CARTESIAN_POINT('',(-58.4844879508019,9.85,-41.3300224465132));
#2960=CARTESIAN_POINT('',(-58.4844879508019,13.,4.90247755348681));
#2961=CARTESIAN_POINT('',(-58.4844879508019,13.,4.90247755348681));
#2962=CARTESIAN_POINT('',(-58.4844879508019,10.,4.90247755348681));
#2963=CARTESIAN_POINT('',(-58.4844879508019,13.,12.4024775534868));
#2964=CARTESIAN_POINT('',(-58.4844879508019,13.,-36.6725224465132));
#2965=CARTESIAN_POINT('',(-58.4844879508019,13.,-36.6725224465132));
#2966=CARTESIAN_POINT('',(-58.4844879508019,10.,-36.6725224465132));
#2967=CARTESIAN_POINT('',(-58.4844879508019,10.,12.4024775534868));
#2968=CARTESIAN_POINT('',(34.6655120491982,13.15,61.1349775534868));
#2969=CARTESIAN_POINT('',(34.6655120491982,13.15,-41.3300224465132));
#2970=CARTESIAN_POINT('',(34.6655120491982,9.85,61.1349775534868));
#2971=CARTESIAN_POINT('',(34.6655120491982,9.85,-41.3300224465132));
#2972=CARTESIAN_POINT('',(34.6655120491982,10.,7.40247755348682));
#2973=CARTESIAN_POINT('',(34.6655120491982,10.,14.9024775534868));
#2974=CARTESIAN_POINT('',(34.6655120491982,10.,56.4774775534868));
#2975=CARTESIAN_POINT('',(34.6655120491982,13.,14.9024775534868));
#2976=CARTESIAN_POINT('',(34.6655120491982,13.,14.9024775534868));
#2977=CARTESIAN_POINT('',(34.6655120491982,13.,7.40247755348682));
#2978=CARTESIAN_POINT('',(34.6655120491982,13.,56.4774775534868));
#2979=CARTESIAN_POINT('',(34.6655120491982,13.,56.4774775534868));
#2980=CARTESIAN_POINT('',(34.6655120491982,13.15,61.1349775534868));
#2981=CARTESIAN_POINT('',(34.6655120491982,13.15,-41.3300224465132));
#2982=CARTESIAN_POINT('',(34.6655120491982,9.85,61.1349775534868));
#2983=CARTESIAN_POINT('',(34.6655120491982,9.85,-41.3300224465132));
#2984=CARTESIAN_POINT('',(34.6655120491982,13.,7.40247755348682));
#2985=CARTESIAN_POINT('',(34.6655120491982,13.,-36.6725224465132));
#2986=CARTESIAN_POINT('',(34.6655120491982,13.,4.9024775534868));
#2987=CARTESIAN_POINT('',(34.6655120491982,13.,4.9024775534868));
#2988=CARTESIAN_POINT('',(34.6655120491982,10.,4.9024775534868));
#2989=CARTESIAN_POINT('',(34.6655120491982,10.,7.40247755348682));
#2990=CARTESIAN_POINT('',(34.6655120491982,10.,-36.6725224465132));
#2991=CARTESIAN_POINT('',(34.6655120491982,13.,-36.6725224465132));
#2992=CARTESIAN_POINT('',(-69.3227779508019,10.,61.1349775534868));
#2993=CARTESIAN_POINT('',(-69.3227779508019,10.,-41.3300224465132));
#2994=CARTESIAN_POINT('',(45.5038020491982,10.,61.1349775534868));
#2995=CARTESIAN_POINT('',(45.5038020491982,10.,-41.3300224465132));
#2996=CARTESIAN_POINT('',(34.6655120491982,10.,9.9024775534868));
#2997=CARTESIAN_POINT('',(-58.4844879508019,10.,9.90247755348681));
#2998=CARTESIAN_POINT('',(34.6655120491982,10.,9.9024775534868));
#2999=CARTESIAN_POINT('',(39.6655120491981,10.,9.9024775534868));
#3000=CARTESIAN_POINT('',(34.6655120491982,10.,9.9024775534868));
#3001=CARTESIAN_POINT('',(-14.4094879508018,10.,56.4774775534868));
#3002=CARTESIAN_POINT('',(-58.4844879508019,10.,9.90247755348681));
#3003=CARTESIAN_POINT('',(-11.9094879508018,10.,-36.6725224465132));
#3004=CARTESIAN_POINT('',(-14.4591810695867,10.,19.4371706722717));
#3005=CARTESIAN_POINT('',(-14.4591810695867,10.,12.4521706722717));
#3006=CARTESIAN_POINT('',(-14.4591810695867,10.,26.4221706722717));
#3007=CARTESIAN_POINT('',(-21.4441810695867,10.,12.4521706722717));
#3008=CARTESIAN_POINT('',(-28.4291810695868,10.,12.4521706722717));
#3009=CARTESIAN_POINT('',(-28.4291810695868,10.,19.4371706722717));
#3010=CARTESIAN_POINT('',(-28.4291810695868,10.,26.4221706722717));
#3011=CARTESIAN_POINT('',(-21.4441810695867,10.,26.4221706722717));
#3012=CARTESIAN_POINT('',(4.59081893041329,10.,19.4371706722717));
#3013=CARTESIAN_POINT('',(4.59081893041329,10.,12.4521706722717));
#3014=CARTESIAN_POINT('',(4.59081893041329,10.,26.4221706722717));
#3015=CARTESIAN_POINT('',(-2.39418106958672,10.,12.4521706722717));
#3016=CARTESIAN_POINT('',(-9.37918106958673,10.,12.4521706722717));
#3017=CARTESIAN_POINT('',(-9.37918106958673,10.,19.4371706722717));
#3018=CARTESIAN_POINT('',(-9.37918106958673,10.,26.4221706722717));
#3019=CARTESIAN_POINT('',(-2.39418106958672,10.,26.4221706722717));
#3020=CARTESIAN_POINT('',(23.6408189304132,10.,19.4371706722717));
#3021=CARTESIAN_POINT('',(23.6408189304132,10.,12.4521706722717));
#3022=CARTESIAN_POINT('',(23.6408189304132,10.,26.4221706722717));
#3023=CARTESIAN_POINT('',(16.6558189304133,10.,12.4521706722717));
#3024=CARTESIAN_POINT('',(9.67081893041328,10.,12.4521706722717));
#3025=CARTESIAN_POINT('',(9.67081893041328,10.,19.4371706722717));
#3026=CARTESIAN_POINT('',(9.67081893041328,10.,26.4221706722717));
#3027=CARTESIAN_POINT('',(16.6558189304133,10.,26.4221706722717));
#3028=CARTESIAN_POINT('',(-33.5091810695868,10.,0.387170672271661));
#3029=CARTESIAN_POINT('',(-33.5091810695868,10.,-6.59782932772834));
#3030=CARTESIAN_POINT('',(-33.5091810695868,10.,7.37217067227167));
#3031=CARTESIAN_POINT('',(-40.4941810695867,10.,-6.59782932772834));
#3032=CARTESIAN_POINT('',(-47.4791810695867,10.,-6.59782932772834));
#3033=CARTESIAN_POINT('',(-47.4791810695867,10.,0.387170672271661));
#3034=CARTESIAN_POINT('',(-47.4791810695867,10.,7.37217067227167));
#3035=CARTESIAN_POINT('',(-40.4941810695867,10.,7.37217067227167));
#3036=CARTESIAN_POINT('',(-14.4591810695867,10.,38.4871706722717));
#3037=CARTESIAN_POINT('',(-14.4591810695867,10.,31.5021706722716));
#3038=CARTESIAN_POINT('',(-14.4591810695867,10.,45.4721706722717));
#3039=CARTESIAN_POINT('',(-21.4441810695867,10.,31.5021706722716));
#3040=CARTESIAN_POINT('',(-28.4291810695868,10.,31.5021706722716));
#3041=CARTESIAN_POINT('',(-28.4291810695868,10.,38.4871706722717));
#3042=CARTESIAN_POINT('',(-28.4291810695868,10.,45.4721706722717));
#3043=CARTESIAN_POINT('',(-21.4441810695867,10.,45.4721706722717));
#3044=CARTESIAN_POINT('',(4.59081893041329,10.,38.4871706722717));
#3045=CARTESIAN_POINT('',(4.59081893041328,10.,31.5021706722716));
#3046=CARTESIAN_POINT('',(4.59081893041329,10.,45.4721706722717));
#3047=CARTESIAN_POINT('',(-2.39418106958672,10.,31.5021706722716));
#3048=CARTESIAN_POINT('',(-9.37918106958673,10.,31.5021706722716));
#3049=CARTESIAN_POINT('',(-9.37918106958673,10.,38.4871706722717));
#3050=CARTESIAN_POINT('',(-9.37918106958673,10.,45.4721706722717));
#3051=CARTESIAN_POINT('',(-2.39418106958672,10.,45.4721706722717));
#3052=CARTESIAN_POINT('',(23.6408189304132,10.,38.4871706722717));
#3053=CARTESIAN_POINT('',(23.6408189304132,10.,31.5021706722716));
#3054=CARTESIAN_POINT('',(23.6408189304132,10.,45.4721706722717));
#3055=CARTESIAN_POINT('',(16.6558189304133,10.,31.5021706722716));
#3056=CARTESIAN_POINT('',(9.67081893041328,10.,31.5021706722716));
#3057=CARTESIAN_POINT('',(9.67081893041328,10.,38.4871706722717));
#3058=CARTESIAN_POINT('',(9.67081893041328,10.,45.4721706722717));
#3059=CARTESIAN_POINT('',(16.6558189304133,10.,45.4721706722717));
#3060=CARTESIAN_POINT('',(-33.5091810695868,10.,19.4371706722717));
#3061=CARTESIAN_POINT('',(-33.5091810695868,10.,12.4521706722717));
#3062=CARTESIAN_POINT('',(-33.5091810695868,10.,26.4221706722717));
#3063=CARTESIAN_POINT('',(-40.4941810695867,10.,12.4521706722717));
#3064=CARTESIAN_POINT('',(-47.4791810695867,10.,12.4521706722717));
#3065=CARTESIAN_POINT('',(-47.4791810695867,10.,19.4371706722717));
#3066=CARTESIAN_POINT('',(-47.4791810695867,10.,26.4221706722717));
#3067=CARTESIAN_POINT('',(-40.4941810695867,10.,26.4221706722717));
#3068=CARTESIAN_POINT('',(4.59081893041329,10.,-18.6628293277283));
#3069=CARTESIAN_POINT('',(4.59081893041329,10.,-25.6478293277284));
#3070=CARTESIAN_POINT('',(4.59081893041329,10.,-11.6778293277283));
#3071=CARTESIAN_POINT('',(-2.39418106958672,10.,-25.6478293277284));
#3072=CARTESIAN_POINT('',(-9.37918106958673,10.,-25.6478293277284));
#3073=CARTESIAN_POINT('',(-9.37918106958673,10.,-18.6628293277283));
#3074=CARTESIAN_POINT('',(-9.37918106958673,10.,-11.6778293277283));
#3075=CARTESIAN_POINT('',(-2.39418106958672,10.,-11.6778293277283));
#3076=CARTESIAN_POINT('',(-14.4591810695867,10.,-18.6628293277283));
#3077=CARTESIAN_POINT('',(-14.4591810695867,10.,-25.6478293277284));
#3078=CARTESIAN_POINT('',(-14.4591810695867,10.,-11.6778293277283));
#3079=CARTESIAN_POINT('',(-21.4441810695867,10.,-25.6478293277284));
#3080=CARTESIAN_POINT('',(-28.4291810695868,10.,-25.6478293277284));
#3081=CARTESIAN_POINT('',(-28.4291810695868,10.,-18.6628293277283));
#3082=CARTESIAN_POINT('',(-28.4291810695868,10.,-11.6778293277283));
#3083=CARTESIAN_POINT('',(-21.4441810695867,10.,-11.6778293277283));
#3084=CARTESIAN_POINT('',(-14.4591810695867,10.,0.387170672271654));
#3085=CARTESIAN_POINT('',(-14.4591810695867,10.,-6.59782932772834));
#3086=CARTESIAN_POINT('',(-14.4591810695867,10.,7.37217067227166));
#3087=CARTESIAN_POINT('',(-21.4441810695867,10.,-6.59782932772834));
#3088=CARTESIAN_POINT('',(-28.4291810695868,10.,-6.59782932772834));
#3089=CARTESIAN_POINT('',(-28.4291810695868,10.,0.387170672271654));
#3090=CARTESIAN_POINT('',(-28.4291810695868,10.,7.37217067227166));
#3091=CARTESIAN_POINT('',(-21.4441810695867,10.,7.37217067227166));
#3092=CARTESIAN_POINT('',(4.59081893041329,10.,0.387170672271654));
#3093=CARTESIAN_POINT('',(4.59081893041328,10.,-6.59782932772834));
#3094=CARTESIAN_POINT('',(4.59081893041329,10.,7.37217067227166));
#3095=CARTESIAN_POINT('',(-2.39418106958672,10.,-6.59782932772834));
#3096=CARTESIAN_POINT('',(-9.37918106958673,10.,-6.59782932772834));
#3097=CARTESIAN_POINT('',(-9.37918106958673,10.,0.387170672271654));
#3098=CARTESIAN_POINT('',(-9.37918106958673,10.,7.37217067227166));
#3099=CARTESIAN_POINT('',(-2.39418106958672,10.,7.37217067227166));
#3100=CARTESIAN_POINT('',(23.6408189304132,10.,0.387170672271668));
#3101=CARTESIAN_POINT('',(23.6408189304132,10.,-6.59782932772833));
#3102=CARTESIAN_POINT('',(23.6408189304132,10.,7.37217067227167));
#3103=CARTESIAN_POINT('',(16.6558189304133,10.,-6.59782932772834));
#3104=CARTESIAN_POINT('',(9.67081893041328,10.,-6.59782932772834));
#3105=CARTESIAN_POINT('',(9.67081893041328,10.,0.387170672271668));
#3106=CARTESIAN_POINT('',(9.67081893041328,10.,7.37217067227166));
#3107=CARTESIAN_POINT('',(16.6558189304133,10.,7.37217067227166));
#3108=CARTESIAN_POINT('',(-33.5091810695868,10.,-18.6628293277283));
#3109=CARTESIAN_POINT('',(-33.5091810695868,10.,-25.6478293277284));
#3110=CARTESIAN_POINT('',(-33.5091810695868,10.,-11.6778293277283));
#3111=CARTESIAN_POINT('',(-40.4941810695867,10.,-25.6478293277284));
#3112=CARTESIAN_POINT('',(-47.4791810695867,10.,-25.6478293277284));
#3113=CARTESIAN_POINT('',(-47.4791810695867,10.,-18.6628293277283));
#3114=CARTESIAN_POINT('',(-47.4791810695867,10.,-11.6778293277283));
#3115=CARTESIAN_POINT('',(-40.4941810695867,10.,-11.6778293277283));
#3116=CARTESIAN_POINT('',(-33.5091810695868,10.,38.4871706722717));
#3117=CARTESIAN_POINT('',(-33.5091810695868,10.,31.5021706722716));
#3118=CARTESIAN_POINT('',(-33.5091810695868,10.,45.4721706722717));
#3119=CARTESIAN_POINT('',(-40.4941810695867,10.,31.5021706722716));
#3120=CARTESIAN_POINT('',(-47.4791810695867,10.,31.5021706722716));
#3121=CARTESIAN_POINT('',(-47.4791810695867,10.,38.4871706722717));
#3122=CARTESIAN_POINT('',(-47.4791810695867,10.,45.4721706722717));
#3123=CARTESIAN_POINT('',(-40.4941810695867,10.,45.4721706722717));
#3124=CARTESIAN_POINT('',(16.6558189304133,10.,-11.6778293277283));
#3125=CARTESIAN_POINT('',(9.67081893041328,10.,-11.6778293277283));
#3126=CARTESIAN_POINT('',(23.6408189304132,10.,-11.6778293277283));
#3127=CARTESIAN_POINT('',(23.6408189304132,10.,-30.1128293277284));
#3128=CARTESIAN_POINT('',(23.6408189304132,10.,-30.1128293277284));
#3129=CARTESIAN_POINT('',(16.6558189304133,10.,-30.1128293277284));
#3130=CARTESIAN_POINT('',(9.67081893041328,10.,-30.1128293277284));
#3131=CARTESIAN_POINT('',(9.67081893041328,10.,-30.1128293277284));
#3132=CARTESIAN_POINT('',(-69.3227779508019,13.,61.1349775534868));
#3133=CARTESIAN_POINT('',(-69.3227779508019,13.,-41.3300224465132));
#3134=CARTESIAN_POINT('',(45.5038020491982,13.,61.1349775534868));
#3135=CARTESIAN_POINT('',(45.5038020491982,13.,-41.3300224465132));
#3136=CARTESIAN_POINT('',(-58.4844879508019,13.,9.90247755348681));
#3137=CARTESIAN_POINT('',(34.6655120491982,13.,9.9024775534868));
#3138=CARTESIAN_POINT('',(34.6655120491982,13.,9.9024775534868));
#3139=CARTESIAN_POINT('',(39.6655120491981,13.,9.9024775534868));
#3140=CARTESIAN_POINT('',(34.6655120491982,13.,9.9024775534868));
#3141=CARTESIAN_POINT('',(-11.9094879508018,13.,-36.6725224465132));
#3142=CARTESIAN_POINT('',(-58.4844879508019,13.,9.90247755348681));
#3143=CARTESIAN_POINT('',(-14.4094879508018,13.,56.4774775534868));
#3144=CARTESIAN_POINT('',(-11.9094879508018,13.,12.4521706722717));
#3145=CARTESIAN_POINT('',(-14.4591810695867,13.,12.4521706722717));
#3146=CARTESIAN_POINT('',(-28.4291810695868,13.,12.4521706722717));
#3147=CARTESIAN_POINT('',(-14.4591810695867,13.,9.90247755348681));
#3148=CARTESIAN_POINT('',(-14.4591810695867,13.,26.4221706722717));
#3149=CARTESIAN_POINT('',(-11.9094879508018,13.,26.4221706722717));
#3150=CARTESIAN_POINT('',(-28.4291810695868,13.,26.4221706722717));
#3151=CARTESIAN_POINT('',(-28.4291810695868,13.,9.90247755348681));
#3152=CARTESIAN_POINT('',(-11.9094879508018,13.,12.4521706722717));
#3153=CARTESIAN_POINT('',(4.59081893041329,13.,12.4521706722717));
#3154=CARTESIAN_POINT('',(-9.37918106958673,13.,12.4521706722717));
#3155=CARTESIAN_POINT('',(4.59081893041329,13.,9.90247755348681));
#3156=CARTESIAN_POINT('',(4.59081893041329,13.,26.4221706722717));
#3157=CARTESIAN_POINT('',(-11.9094879508018,13.,26.4221706722717));
#3158=CARTESIAN_POINT('',(-9.37918106958673,13.,26.4221706722717));
#3159=CARTESIAN_POINT('',(-9.37918106958673,13.,9.90247755348681));
#3160=CARTESIAN_POINT('',(-11.9094879508018,13.,12.4521706722717));
#3161=CARTESIAN_POINT('',(23.6408189304132,13.,12.4521706722717));
#3162=CARTESIAN_POINT('',(9.67081893041328,13.,12.4521706722717));
#3163=CARTESIAN_POINT('',(23.6408189304132,13.,9.90247755348681));
#3164=CARTESIAN_POINT('',(23.6408189304132,13.,26.4221706722717));
#3165=CARTESIAN_POINT('',(-11.9094879508018,13.,26.4221706722717));
#3166=CARTESIAN_POINT('',(9.67081893041328,13.,26.4221706722717));
#3167=CARTESIAN_POINT('',(9.67081893041328,13.,9.90247755348681));
#3168=CARTESIAN_POINT('',(-11.9094879508018,13.,-6.59782932772834));
#3169=CARTESIAN_POINT('',(-33.5091810695868,13.,-6.59782932772834));
#3170=CARTESIAN_POINT('',(-47.4791810695867,13.,-6.59782932772834));
#3171=CARTESIAN_POINT('',(-33.5091810695868,13.,9.90247755348681));
#3172=CARTESIAN_POINT('',(-33.5091810695868,13.,7.37217067227167));
#3173=CARTESIAN_POINT('',(-11.9094879508018,13.,7.37217067227167));
#3174=CARTESIAN_POINT('',(-47.4791810695867,13.,7.37217067227167));
#3175=CARTESIAN_POINT('',(-47.4791810695867,13.,9.90247755348681));
#3176=CARTESIAN_POINT('',(-11.9094879508018,13.,31.5021706722716));
#3177=CARTESIAN_POINT('',(-14.4591810695867,13.,31.5021706722716));
#3178=CARTESIAN_POINT('',(-28.4291810695868,13.,31.5021706722716));
#3179=CARTESIAN_POINT('',(-14.4591810695867,13.,9.90247755348681));
#3180=CARTESIAN_POINT('',(-14.4591810695867,13.,45.4721706722717));
#3181=CARTESIAN_POINT('',(-11.9094879508018,13.,45.4721706722717));
#3182=CARTESIAN_POINT('',(-28.4291810695868,13.,45.4721706722717));
#3183=CARTESIAN_POINT('',(-28.4291810695868,13.,9.90247755348681));
#3184=CARTESIAN_POINT('',(-11.9094879508018,13.,31.5021706722716));
#3185=CARTESIAN_POINT('',(4.59081893041329,13.,31.5021706722716));
#3186=CARTESIAN_POINT('',(-9.37918106958673,13.,31.5021706722716));
#3187=CARTESIAN_POINT('',(4.59081893041328,13.,9.90247755348681));
#3188=CARTESIAN_POINT('',(4.59081893041328,13.,45.4721706722717));
#3189=CARTESIAN_POINT('',(-11.9094879508018,13.,45.4721706722717));
#3190=CARTESIAN_POINT('',(-9.37918106958673,13.,45.4721706722717));
#3191=CARTESIAN_POINT('',(-9.37918106958673,13.,9.90247755348681));
#3192=CARTESIAN_POINT('',(-11.9094879508018,13.,31.5021706722716));
#3193=CARTESIAN_POINT('',(23.6408189304132,13.,31.5021706722716));
#3194=CARTESIAN_POINT('',(9.67081893041328,13.,31.5021706722716));
#3195=CARTESIAN_POINT('',(23.6408189304132,13.,9.90247755348681));
#3196=CARTESIAN_POINT('',(23.6408189304132,13.,45.4721706722717));
#3197=CARTESIAN_POINT('',(-11.9094879508018,13.,45.4721706722717));
#3198=CARTESIAN_POINT('',(9.67081893041328,13.,45.4721706722717));
#3199=CARTESIAN_POINT('',(9.67081893041328,13.,9.90247755348681));
#3200=CARTESIAN_POINT('',(-11.9094879508018,13.,12.4521706722717));
#3201=CARTESIAN_POINT('',(-33.5091810695868,13.,12.4521706722717));
#3202=CARTESIAN_POINT('',(-47.4791810695867,13.,12.4521706722717));
#3203=CARTESIAN_POINT('',(-33.5091810695868,13.,9.90247755348681));
#3204=CARTESIAN_POINT('',(-33.5091810695868,13.,26.4221706722717));
#3205=CARTESIAN_POINT('',(-11.9094879508018,13.,26.4221706722717));
#3206=CARTESIAN_POINT('',(-47.4791810695867,13.,26.4221706722717));
#3207=CARTESIAN_POINT('',(-47.4791810695867,13.,9.90247755348681));
#3208=CARTESIAN_POINT('',(-11.9094879508018,13.,-25.6478293277284));
#3209=CARTESIAN_POINT('',(4.59081893041329,13.,-25.6478293277284));
#3210=CARTESIAN_POINT('',(-9.37918106958673,13.,-25.6478293277284));
#3211=CARTESIAN_POINT('',(4.59081893041329,13.,9.90247755348681));
#3212=CARTESIAN_POINT('',(4.59081893041329,13.,-11.6778293277283));
#3213=CARTESIAN_POINT('',(-11.9094879508018,13.,-11.6778293277283));
#3214=CARTESIAN_POINT('',(-9.37918106958673,13.,-11.6778293277283));
#3215=CARTESIAN_POINT('',(-9.37918106958673,13.,9.90247755348681));
#3216=CARTESIAN_POINT('',(-11.9094879508018,13.,-25.6478293277284));
#3217=CARTESIAN_POINT('',(-14.4591810695867,13.,-25.6478293277284));
#3218=CARTESIAN_POINT('',(-28.4291810695868,13.,-25.6478293277284));
#3219=CARTESIAN_POINT('',(-14.4591810695867,13.,9.90247755348681));
#3220=CARTESIAN_POINT('',(-14.4591810695867,13.,-11.6778293277283));
#3221=CARTESIAN_POINT('',(-11.9094879508018,13.,-11.6778293277283));
#3222=CARTESIAN_POINT('',(-28.4291810695868,13.,-11.6778293277283));
#3223=CARTESIAN_POINT('',(-28.4291810695868,13.,9.90247755348681));
#3224=CARTESIAN_POINT('',(-11.9094879508018,13.,-6.59782932772834));
#3225=CARTESIAN_POINT('',(-14.4591810695867,13.,-6.59782932772834));
#3226=CARTESIAN_POINT('',(-28.4291810695868,13.,-6.59782932772834));
#3227=CARTESIAN_POINT('',(-14.4591810695867,13.,9.90247755348681));
#3228=CARTESIAN_POINT('',(-14.4591810695867,13.,7.37217067227166));
#3229=CARTESIAN_POINT('',(-11.9094879508018,13.,7.37217067227166));
#3230=CARTESIAN_POINT('',(-28.4291810695868,13.,7.37217067227166));
#3231=CARTESIAN_POINT('',(-28.4291810695868,13.,9.90247755348681));
#3232=CARTESIAN_POINT('',(-11.9094879508018,13.,-6.59782932772834));
#3233=CARTESIAN_POINT('',(4.59081893041329,13.,-6.59782932772834));
#3234=CARTESIAN_POINT('',(-9.37918106958673,13.,-6.59782932772834));
#3235=CARTESIAN_POINT('',(4.59081893041329,13.,9.90247755348681));
#3236=CARTESIAN_POINT('',(4.59081893041329,13.,7.37217067227166));
#3237=CARTESIAN_POINT('',(-11.9094879508018,13.,7.37217067227166));
#3238=CARTESIAN_POINT('',(-9.37918106958673,13.,7.37217067227166));
#3239=CARTESIAN_POINT('',(-9.37918106958673,13.,9.90247755348681));
#3240=CARTESIAN_POINT('',(-11.9094879508018,13.,-6.59782932772834));
#3241=CARTESIAN_POINT('',(23.6408189304132,13.,-6.59782932772833));
#3242=CARTESIAN_POINT('',(9.67081893041328,13.,-6.59782932772834));
#3243=CARTESIAN_POINT('',(23.6408189304132,13.,9.90247755348681));
#3244=CARTESIAN_POINT('',(23.6408189304132,13.,7.37217067227167));
#3245=CARTESIAN_POINT('',(-11.9094879508018,13.,7.37217067227166));
#3246=CARTESIAN_POINT('',(9.67081893041328,13.,7.37217067227166));
#3247=CARTESIAN_POINT('',(9.67081893041328,13.,9.90247755348681));
#3248=CARTESIAN_POINT('',(-11.9094879508018,13.,-25.6478293277284));
#3249=CARTESIAN_POINT('',(-33.5091810695868,13.,-25.6478293277284));
#3250=CARTESIAN_POINT('',(-47.4791810695867,13.,-25.6478293277284));
#3251=CARTESIAN_POINT('',(-33.5091810695868,13.,9.90247755348681));
#3252=CARTESIAN_POINT('',(-33.5091810695868,13.,-11.6778293277283));
#3253=CARTESIAN_POINT('',(-11.9094879508018,13.,-11.6778293277283));
#3254=CARTESIAN_POINT('',(-47.4791810695867,13.,-11.6778293277283));
#3255=CARTESIAN_POINT('',(-47.4791810695867,13.,9.90247755348681));
#3256=CARTESIAN_POINT('',(-11.9094879508018,13.,31.5021706722716));
#3257=CARTESIAN_POINT('',(-33.5091810695868,13.,31.5021706722716));
#3258=CARTESIAN_POINT('',(-47.4791810695867,13.,31.5021706722716));
#3259=CARTESIAN_POINT('',(-33.5091810695868,13.,9.90247755348681));
#3260=CARTESIAN_POINT('',(-33.5091810695868,13.,45.4721706722717));
#3261=CARTESIAN_POINT('',(-11.9094879508018,13.,45.4721706722717));
#3262=CARTESIAN_POINT('',(-47.4791810695867,13.,45.4721706722717));
#3263=CARTESIAN_POINT('',(-47.4791810695867,13.,9.90247755348681));
#3264=CARTESIAN_POINT('',(-11.9094879508018,13.,-11.6778293277283));
#3265=CARTESIAN_POINT('',(23.6408189304132,13.,-11.6778293277283));
#3266=CARTESIAN_POINT('',(9.67081893041328,13.,-11.6778293277283));
#3267=CARTESIAN_POINT('',(9.67081893041328,13.,9.90247755348681));
#3268=CARTESIAN_POINT('',(9.67081893041328,13.,-30.1128293277284));
#3269=CARTESIAN_POINT('',(-11.9094879508018,13.,-30.1128293277284));
#3270=CARTESIAN_POINT('',(23.6408189304132,13.,-30.1128293277284));
#3271=CARTESIAN_POINT('',(23.6408189304132,13.,9.90247755348681));
#3272=CARTESIAN_POINT('',(-63.1419879508019,9.85,-36.6725224465132));
#3273=CARTESIAN_POINT('',(39.3230120491981,9.85,-36.6725224465132));
#3274=CARTESIAN_POINT('',(-63.1419879508019,13.15,-36.6725224465132));
#3275=CARTESIAN_POINT('',(39.3230120491981,13.15,-36.6725224465132));
#3276=CARTESIAN_POINT('',(-63.1419879508019,9.85,56.4774775534868));
#3277=CARTESIAN_POINT('',(39.3230120491982,9.85,56.4774775534868));
#3278=CARTESIAN_POINT('',(-63.1419879508019,13.15,56.4774775534868));
#3279=CARTESIAN_POINT('',(39.3230120491982,13.15,56.4774775534868));
#3280=CARTESIAN_POINT('',(-48.1776810695867,9.85,31.5021706722716));
#3281=CARTESIAN_POINT('',(-32.8106810695868,9.85,31.5021706722716));
#3282=CARTESIAN_POINT('',(-48.1776810695867,13.15,31.5021706722716));
#3283=CARTESIAN_POINT('',(-32.8106810695868,13.15,31.5021706722716));
#3284=CARTESIAN_POINT('',(-47.4791810695867,18.1,31.5021706722716));
#3285=CARTESIAN_POINT('',(-33.5091810695868,18.1,31.5021706722716));
#3286=CARTESIAN_POINT('',(-47.4791810695867,13.15,46.1706706722717));
#3287=CARTESIAN_POINT('',(-47.4791810695867,13.15,30.8036706722716));
#3288=CARTESIAN_POINT('',(-47.4791810695867,9.85,46.1706706722717));
#3289=CARTESIAN_POINT('',(-47.4791810695867,9.85,30.8036706722716));
#3290=CARTESIAN_POINT('',(-47.4791810695867,18.1,45.4721706722717));
#3291=CARTESIAN_POINT('',(-48.1776810695867,9.85,45.4721706722717));
#3292=CARTESIAN_POINT('',(-32.8106810695868,9.85,45.4721706722717));
#3293=CARTESIAN_POINT('',(-48.1776810695867,13.15,45.4721706722717));
#3294=CARTESIAN_POINT('',(-32.8106810695868,13.15,45.4721706722717));
#3295=CARTESIAN_POINT('',(-33.5091810695868,18.1,45.4721706722717));
#3296=CARTESIAN_POINT('',(-33.5091810695868,13.15,46.1706706722717));
#3297=CARTESIAN_POINT('',(-33.5091810695868,13.15,30.8036706722716));
#3298=CARTESIAN_POINT('',(-33.5091810695868,9.85,46.1706706722717));
#3299=CARTESIAN_POINT('',(-33.5091810695868,9.85,30.8036706722716));
#3300=CARTESIAN_POINT('',(-48.1776810695867,9.85,-25.6478293277284));
#3301=CARTESIAN_POINT('',(-32.8106810695868,9.85,-25.6478293277284));
#3302=CARTESIAN_POINT('',(-48.1776810695867,13.15,-25.6478293277284));
#3303=CARTESIAN_POINT('',(-32.8106810695868,13.15,-25.6478293277284));
#3304=CARTESIAN_POINT('',(-47.4791810695867,18.1,-25.6478293277284));
#3305=CARTESIAN_POINT('',(-33.5091810695868,18.1,-25.6478293277284));
#3306=CARTESIAN_POINT('',(-47.4791810695867,13.15,-10.9793293277283));
#3307=CARTESIAN_POINT('',(-47.4791810695867,13.15,-26.3463293277284));
#3308=CARTESIAN_POINT('',(-47.4791810695867,9.85,-10.9793293277283));
#3309=CARTESIAN_POINT('',(-47.4791810695867,9.85,-26.3463293277284));
#3310=CARTESIAN_POINT('',(-47.4791810695867,18.1,-11.6778293277283));
#3311=CARTESIAN_POINT('',(-48.1776810695867,9.85,-11.6778293277283));
#3312=CARTESIAN_POINT('',(-32.8106810695868,9.85,-11.6778293277283));
#3313=CARTESIAN_POINT('',(-48.1776810695867,13.15,-11.6778293277283));
#3314=CARTESIAN_POINT('',(-32.8106810695868,13.15,-11.6778293277283));
#3315=CARTESIAN_POINT('',(-33.5091810695868,18.1,-11.6778293277283));
#3316=CARTESIAN_POINT('',(-33.5091810695868,13.15,-10.9793293277283));
#3317=CARTESIAN_POINT('',(-33.5091810695868,13.15,-26.3463293277284));
#3318=CARTESIAN_POINT('',(-33.5091810695868,9.85,-10.9793293277283));
#3319=CARTESIAN_POINT('',(-33.5091810695868,9.85,-26.3463293277284));
#3320=CARTESIAN_POINT('',(8.97231893041328,9.85,-6.59782932772834));
#3321=CARTESIAN_POINT('',(24.3393189304132,9.85,-6.59782932772834));
#3322=CARTESIAN_POINT('',(8.97231893041328,13.15,-6.59782932772834));
#3323=CARTESIAN_POINT('',(24.3393189304132,13.15,-6.59782932772834));
#3324=CARTESIAN_POINT('',(9.67081893041328,18.1,-6.59782932772834));
#3325=CARTESIAN_POINT('',(23.6408189304132,18.1,-6.59782932772833));
#3326=CARTESIAN_POINT('',(9.67081893041328,13.15,8.07067067227166));
#3327=CARTESIAN_POINT('',(9.67081893041328,13.15,-7.29632932772834));
#3328=CARTESIAN_POINT('',(9.67081893041328,9.85,8.07067067227166));
#3329=CARTESIAN_POINT('',(9.67081893041328,9.85,-7.29632932772834));
#3330=CARTESIAN_POINT('',(9.67081893041328,18.1,7.37217067227166));
#3331=CARTESIAN_POINT('',(8.97231893041328,9.85,7.37217067227166));
#3332=CARTESIAN_POINT('',(24.3393189304132,9.85,7.37217067227166));
#3333=CARTESIAN_POINT('',(8.97231893041328,13.15,7.37217067227166));
#3334=CARTESIAN_POINT('',(24.3393189304132,13.15,7.37217067227166));
#3335=CARTESIAN_POINT('',(23.6408189304132,18.1,7.37217067227167));
#3336=CARTESIAN_POINT('',(23.6408189304132,13.15,8.07067067227167));
#3337=CARTESIAN_POINT('',(23.6408189304132,13.15,-7.29632932772833));
#3338=CARTESIAN_POINT('',(23.6408189304132,9.85,8.07067067227167));
#3339=CARTESIAN_POINT('',(23.6408189304132,9.85,-7.29632932772833));
#3340=CARTESIAN_POINT('',(-10.0776810695867,9.85,-6.59782932772834));
#3341=CARTESIAN_POINT('',(5.28931893041329,9.85,-6.59782932772834));
#3342=CARTESIAN_POINT('',(-10.0776810695867,13.15,-6.59782932772834));
#3343=CARTESIAN_POINT('',(5.28931893041329,13.15,-6.59782932772834));
#3344=CARTESIAN_POINT('',(-9.37918106958673,18.1,-6.59782932772834));
#3345=CARTESIAN_POINT('',(4.59081893041329,18.1,-6.59782932772834));
#3346=CARTESIAN_POINT('',(-9.37918106958673,13.15,8.07067067227166));
#3347=CARTESIAN_POINT('',(-9.37918106958673,13.15,-7.29632932772834));
#3348=CARTESIAN_POINT('',(-9.37918106958673,9.85,8.07067067227166));
#3349=CARTESIAN_POINT('',(-9.37918106958673,9.85,-7.29632932772834));
#3350=CARTESIAN_POINT('',(-9.37918106958673,18.1,7.37217067227166));
#3351=CARTESIAN_POINT('',(-10.0776810695867,9.85,7.37217067227166));
#3352=CARTESIAN_POINT('',(5.28931893041329,9.85,7.37217067227166));
#3353=CARTESIAN_POINT('',(-10.0776810695867,13.15,7.37217067227166));
#3354=CARTESIAN_POINT('',(5.28931893041329,13.15,7.37217067227166));
#3355=CARTESIAN_POINT('',(4.59081893041329,18.1,7.37217067227166));
#3356=CARTESIAN_POINT('',(4.59081893041329,9.85,8.07067067227166));
#3357=CARTESIAN_POINT('',(4.59081893041329,13.15,8.07067067227166));
#3358=CARTESIAN_POINT('',(4.59081893041329,9.85,-7.29632932772834));
#3359=CARTESIAN_POINT('',(4.59081893041329,13.15,-7.29632932772834));
#3360=CARTESIAN_POINT('',(-29.1276810695868,9.85,-6.59782932772834));
#3361=CARTESIAN_POINT('',(-13.7606810695867,9.85,-6.59782932772834));
#3362=CARTESIAN_POINT('',(-29.1276810695868,13.15,-6.59782932772834));
#3363=CARTESIAN_POINT('',(-13.7606810695867,13.15,-6.59782932772834));
#3364=CARTESIAN_POINT('',(-28.4291810695868,18.1,-6.59782932772834));
#3365=CARTESIAN_POINT('',(-14.4591810695867,18.1,-6.59782932772834));
#3366=CARTESIAN_POINT('',(-28.4291810695868,13.15,8.07067067227166));
#3367=CARTESIAN_POINT('',(-28.4291810695868,13.15,-7.29632932772834));
#3368=CARTESIAN_POINT('',(-28.4291810695868,9.85,8.07067067227166));
#3369=CARTESIAN_POINT('',(-28.4291810695868,9.85,-7.29632932772834));
#3370=CARTESIAN_POINT('',(-28.4291810695868,18.1,7.37217067227166));
#3371=CARTESIAN_POINT('',(-29.1276810695868,9.85,7.37217067227166));
#3372=CARTESIAN_POINT('',(-13.7606810695867,9.85,7.37217067227166));
#3373=CARTESIAN_POINT('',(-29.1276810695868,13.15,7.37217067227166));
#3374=CARTESIAN_POINT('',(-13.7606810695867,13.15,7.37217067227166));
#3375=CARTESIAN_POINT('',(-14.4591810695867,18.1,7.37217067227166));
#3376=CARTESIAN_POINT('',(-14.4591810695867,13.15,8.07067067227166));
#3377=CARTESIAN_POINT('',(-14.4591810695867,13.15,-7.29632932772834));
#3378=CARTESIAN_POINT('',(-14.4591810695867,9.85,8.07067067227166));
#3379=CARTESIAN_POINT('',(-14.4591810695867,9.85,-7.29632932772834));
#3380=CARTESIAN_POINT('',(-29.1276810695868,9.85,-25.6478293277284));
#3381=CARTESIAN_POINT('',(-13.7606810695867,9.85,-25.6478293277284));
#3382=CARTESIAN_POINT('',(-29.1276810695868,13.15,-25.6478293277284));
#3383=CARTESIAN_POINT('',(-13.7606810695867,13.15,-25.6478293277284));
#3384=CARTESIAN_POINT('',(-28.4291810695868,18.1,-25.6478293277284));
#3385=CARTESIAN_POINT('',(-14.4591810695867,18.1,-25.6478293277284));
#3386=CARTESIAN_POINT('',(-28.4291810695868,13.15,-10.9793293277283));
#3387=CARTESIAN_POINT('',(-28.4291810695868,13.15,-26.3463293277284));
#3388=CARTESIAN_POINT('',(-28.4291810695868,9.85,-10.9793293277283));
#3389=CARTESIAN_POINT('',(-28.4291810695868,9.85,-26.3463293277284));
#3390=CARTESIAN_POINT('',(-28.4291810695868,18.1,-11.6778293277283));
#3391=CARTESIAN_POINT('',(-29.1276810695868,9.85,-11.6778293277283));
#3392=CARTESIAN_POINT('',(-13.7606810695867,9.85,-11.6778293277283));
#3393=CARTESIAN_POINT('',(-29.1276810695868,13.15,-11.6778293277283));
#3394=CARTESIAN_POINT('',(-13.7606810695867,13.15,-11.6778293277283));
#3395=CARTESIAN_POINT('',(-14.4591810695867,18.1,-11.6778293277283));
#3396=CARTESIAN_POINT('',(-14.4591810695867,13.15,-10.9793293277283));
#3397=CARTESIAN_POINT('',(-14.4591810695867,13.15,-26.3463293277284));
#3398=CARTESIAN_POINT('',(-14.4591810695867,9.85,-10.9793293277283));
#3399=CARTESIAN_POINT('',(-14.4591810695867,9.85,-26.3463293277284));
#3400=CARTESIAN_POINT('',(-10.0776810695867,9.85,-25.6478293277284));
#3401=CARTESIAN_POINT('',(5.28931893041329,9.85,-25.6478293277284));
#3402=CARTESIAN_POINT('',(-10.0776810695867,13.15,-25.6478293277284));
#3403=CARTESIAN_POINT('',(5.28931893041329,13.15,-25.6478293277284));
#3404=CARTESIAN_POINT('',(-9.37918106958673,18.1,-25.6478293277284));
#3405=CARTESIAN_POINT('',(4.59081893041329,18.1,-25.6478293277284));
#3406=CARTESIAN_POINT('',(-9.37918106958673,13.15,-10.9793293277283));
#3407=CARTESIAN_POINT('',(-9.37918106958673,13.15,-26.3463293277284));
#3408=CARTESIAN_POINT('',(-9.37918106958673,9.85,-10.9793293277283));
#3409=CARTESIAN_POINT('',(-9.37918106958673,9.85,-26.3463293277284));
#3410=CARTESIAN_POINT('',(-9.37918106958673,18.1,-11.6778293277283));
#3411=CARTESIAN_POINT('',(-10.0776810695867,9.85,-11.6778293277283));
#3412=CARTESIAN_POINT('',(5.28931893041329,9.85,-11.6778293277283));
#3413=CARTESIAN_POINT('',(-10.0776810695867,13.15,-11.6778293277283));
#3414=CARTESIAN_POINT('',(5.28931893041329,13.15,-11.6778293277283));
#3415=CARTESIAN_POINT('',(4.59081893041329,18.1,-11.6778293277283));
#3416=CARTESIAN_POINT('',(4.59081893041329,9.85,-10.9793293277283));
#3417=CARTESIAN_POINT('',(4.59081893041329,13.15,-10.9793293277283));
#3418=CARTESIAN_POINT('',(4.59081893041329,9.85,-26.3463293277284));
#3419=CARTESIAN_POINT('',(4.59081893041329,13.15,-26.3463293277284));
#3420=CARTESIAN_POINT('',(-48.1776810695867,9.85,12.4521706722717));
#3421=CARTESIAN_POINT('',(-32.8106810695868,9.85,12.4521706722717));
#3422=CARTESIAN_POINT('',(-48.1776810695867,13.15,12.4521706722717));
#3423=CARTESIAN_POINT('',(-32.8106810695868,13.15,12.4521706722717));
#3424=CARTESIAN_POINT('',(-47.4791810695867,18.1,12.4521706722717));
#3425=CARTESIAN_POINT('',(-33.5091810695868,18.1,12.4521706722717));
#3426=CARTESIAN_POINT('',(-47.4791810695867,13.15,27.1206706722716));
#3427=CARTESIAN_POINT('',(-47.4791810695867,13.15,11.7536706722717));
#3428=CARTESIAN_POINT('',(-47.4791810695867,9.85,27.1206706722716));
#3429=CARTESIAN_POINT('',(-47.4791810695867,9.85,11.7536706722717));
#3430=CARTESIAN_POINT('',(-47.4791810695867,18.1,26.4221706722717));
#3431=CARTESIAN_POINT('',(-48.1776810695867,9.85,26.4221706722717));
#3432=CARTESIAN_POINT('',(-32.8106810695868,9.85,26.4221706722717));
#3433=CARTESIAN_POINT('',(-48.1776810695867,13.15,26.4221706722717));
#3434=CARTESIAN_POINT('',(-32.8106810695868,13.15,26.4221706722717));
#3435=CARTESIAN_POINT('',(-33.5091810695868,18.1,26.4221706722717));
#3436=CARTESIAN_POINT('',(-33.5091810695868,13.15,27.1206706722716));
#3437=CARTESIAN_POINT('',(-33.5091810695868,13.15,11.7536706722717));
#3438=CARTESIAN_POINT('',(-33.5091810695868,9.85,27.1206706722716));
#3439=CARTESIAN_POINT('',(-33.5091810695868,9.85,11.7536706722717));
#3440=CARTESIAN_POINT('',(8.97231893041328,9.85,31.5021706722716));
#3441=CARTESIAN_POINT('',(24.3393189304132,9.85,31.5021706722716));
#3442=CARTESIAN_POINT('',(8.97231893041328,13.15,31.5021706722716));
#3443=CARTESIAN_POINT('',(24.3393189304132,13.15,31.5021706722716));
#3444=CARTESIAN_POINT('',(9.67081893041328,18.1,31.5021706722716));
#3445=CARTESIAN_POINT('',(23.6408189304132,18.1,31.5021706722716));
#3446=CARTESIAN_POINT('',(9.67081893041328,13.15,46.1706706722717));
#3447=CARTESIAN_POINT('',(9.67081893041328,13.15,30.8036706722716));
#3448=CARTESIAN_POINT('',(9.67081893041328,9.85,46.1706706722717));
#3449=CARTESIAN_POINT('',(9.67081893041328,9.85,30.8036706722716));
#3450=CARTESIAN_POINT('',(9.67081893041328,18.1,45.4721706722717));
#3451=CARTESIAN_POINT('',(8.97231893041328,9.85,45.4721706722717));
#3452=CARTESIAN_POINT('',(24.3393189304132,9.85,45.4721706722717));
#3453=CARTESIAN_POINT('',(8.97231893041328,13.15,45.4721706722717));
#3454=CARTESIAN_POINT('',(24.3393189304132,13.15,45.4721706722717));
#3455=CARTESIAN_POINT('',(23.6408189304132,18.1,45.4721706722717));
#3456=CARTESIAN_POINT('',(23.6408189304132,13.15,46.1706706722717));
#3457=CARTESIAN_POINT('',(23.6408189304132,13.15,30.8036706722716));
#3458=CARTESIAN_POINT('',(23.6408189304132,9.85,46.1706706722717));
#3459=CARTESIAN_POINT('',(23.6408189304132,9.85,30.8036706722716));
#3460=CARTESIAN_POINT('',(-10.0776810695867,9.85,31.5021706722716));
#3461=CARTESIAN_POINT('',(5.28931893041329,9.85,31.5021706722716));
#3462=CARTESIAN_POINT('',(-10.0776810695867,13.15,31.5021706722716));
#3463=CARTESIAN_POINT('',(5.28931893041329,13.15,31.5021706722716));
#3464=CARTESIAN_POINT('',(-9.37918106958673,18.1,31.5021706722716));
#3465=CARTESIAN_POINT('',(4.59081893041329,18.1,31.5021706722716));
#3466=CARTESIAN_POINT('',(-9.37918106958673,13.15,46.1706706722717));
#3467=CARTESIAN_POINT('',(-9.37918106958673,13.15,30.8036706722716));
#3468=CARTESIAN_POINT('',(-9.37918106958673,9.85,46.1706706722717));
#3469=CARTESIAN_POINT('',(-9.37918106958673,9.85,30.8036706722716));
#3470=CARTESIAN_POINT('',(-9.37918106958673,18.1,45.4721706722717));
#3471=CARTESIAN_POINT('',(-10.0776810695867,9.85,45.4721706722717));
#3472=CARTESIAN_POINT('',(5.28931893041329,9.85,45.4721706722717));
#3473=CARTESIAN_POINT('',(-10.0776810695867,13.15,45.4721706722717));
#3474=CARTESIAN_POINT('',(5.28931893041329,13.15,45.4721706722717));
#3475=CARTESIAN_POINT('',(4.59081893041329,18.1,45.4721706722717));
#3476=CARTESIAN_POINT('',(4.59081893041329,9.85,46.1706706722717));
#3477=CARTESIAN_POINT('',(4.59081893041329,13.15,46.1706706722717));
#3478=CARTESIAN_POINT('',(4.59081893041329,9.85,30.8036706722716));
#3479=CARTESIAN_POINT('',(4.59081893041329,13.15,30.8036706722716));
#3480=CARTESIAN_POINT('',(-29.1276810695868,9.85,31.5021706722716));
#3481=CARTESIAN_POINT('',(-13.7606810695867,9.85,31.5021706722716));
#3482=CARTESIAN_POINT('',(-29.1276810695868,13.15,31.5021706722716));
#3483=CARTESIAN_POINT('',(-13.7606810695867,13.15,31.5021706722716));
#3484=CARTESIAN_POINT('',(-28.4291810695868,18.1,31.5021706722716));
#3485=CARTESIAN_POINT('',(-14.4591810695867,18.1,31.5021706722716));
#3486=CARTESIAN_POINT('',(-28.4291810695868,13.15,46.1706706722717));
#3487=CARTESIAN_POINT('',(-28.4291810695868,13.15,30.8036706722716));
#3488=CARTESIAN_POINT('',(-28.4291810695868,9.85,46.1706706722717));
#3489=CARTESIAN_POINT('',(-28.4291810695868,9.85,30.8036706722716));
#3490=CARTESIAN_POINT('',(-28.4291810695868,18.1,45.4721706722717));
#3491=CARTESIAN_POINT('',(-29.1276810695868,9.85,45.4721706722717));
#3492=CARTESIAN_POINT('',(-13.7606810695867,9.85,45.4721706722717));
#3493=CARTESIAN_POINT('',(-29.1276810695868,13.15,45.4721706722717));
#3494=CARTESIAN_POINT('',(-13.7606810695867,13.15,45.4721706722717));
#3495=CARTESIAN_POINT('',(-14.4591810695867,18.1,45.4721706722717));
#3496=CARTESIAN_POINT('',(-14.4591810695867,13.15,46.1706706722717));
#3497=CARTESIAN_POINT('',(-14.4591810695867,13.15,30.8036706722716));
#3498=CARTESIAN_POINT('',(-14.4591810695867,9.85,46.1706706722717));
#3499=CARTESIAN_POINT('',(-14.4591810695867,9.85,30.8036706722716));
#3500=CARTESIAN_POINT('',(-48.1776810695867,9.85,-6.59782932772834));
#3501=CARTESIAN_POINT('',(-32.8106810695868,9.85,-6.59782932772834));
#3502=CARTESIAN_POINT('',(-48.1776810695867,13.15,-6.59782932772834));
#3503=CARTESIAN_POINT('',(-32.8106810695868,13.15,-6.59782932772834));
#3504=CARTESIAN_POINT('',(-47.4791810695867,18.1,-6.59782932772834));
#3505=CARTESIAN_POINT('',(-33.5091810695868,18.1,-6.59782932772834));
#3506=CARTESIAN_POINT('',(-47.4791810695867,13.15,8.07067067227167));
#3507=CARTESIAN_POINT('',(-47.4791810695867,13.15,-7.29632932772834));
#3508=CARTESIAN_POINT('',(-47.4791810695867,9.85,8.07067067227167));
#3509=CARTESIAN_POINT('',(-47.4791810695867,9.85,-7.29632932772834));
#3510=CARTESIAN_POINT('',(-47.4791810695867,18.1,7.37217067227167));
#3511=CARTESIAN_POINT('',(-48.1776810695867,9.85,7.37217067227167));
#3512=CARTESIAN_POINT('',(-32.8106810695868,9.85,7.37217067227167));
#3513=CARTESIAN_POINT('',(-48.1776810695867,13.15,7.37217067227167));
#3514=CARTESIAN_POINT('',(-32.8106810695868,13.15,7.37217067227167));
#3515=CARTESIAN_POINT('',(-33.5091810695868,18.1,7.37217067227167));
#3516=CARTESIAN_POINT('',(-33.5091810695868,13.15,8.07067067227167));
#3517=CARTESIAN_POINT('',(-33.5091810695868,13.15,-7.29632932772834));
#3518=CARTESIAN_POINT('',(-33.5091810695868,9.85,8.07067067227167));
#3519=CARTESIAN_POINT('',(-33.5091810695868,9.85,-7.29632932772834));
#3520=CARTESIAN_POINT('',(8.97231893041328,9.85,12.4521706722717));
#3521=CARTESIAN_POINT('',(24.3393189304132,9.85,12.4521706722717));
#3522=CARTESIAN_POINT('',(8.97231893041328,13.15,12.4521706722717));
#3523=CARTESIAN_POINT('',(24.3393189304132,13.15,12.4521706722717));
#3524=CARTESIAN_POINT('',(9.67081893041328,18.1,12.4521706722717));
#3525=CARTESIAN_POINT('',(23.6408189304132,18.1,12.4521706722717));
#3526=CARTESIAN_POINT('',(9.67081893041328,13.15,27.1206706722716));
#3527=CARTESIAN_POINT('',(9.67081893041328,13.15,11.7536706722717));
#3528=CARTESIAN_POINT('',(9.67081893041328,9.85,27.1206706722716));
#3529=CARTESIAN_POINT('',(9.67081893041328,9.85,11.7536706722717));
#3530=CARTESIAN_POINT('',(9.67081893041328,18.1,26.4221706722717));
#3531=CARTESIAN_POINT('',(8.97231893041328,9.85,26.4221706722717));
#3532=CARTESIAN_POINT('',(24.3393189304132,9.85,26.4221706722717));
#3533=CARTESIAN_POINT('',(8.97231893041328,13.15,26.4221706722717));
#3534=CARTESIAN_POINT('',(24.3393189304132,13.15,26.4221706722717));
#3535=CARTESIAN_POINT('',(23.6408189304132,18.1,26.4221706722717));
#3536=CARTESIAN_POINT('',(23.6408189304132,13.15,27.1206706722716));
#3537=CARTESIAN_POINT('',(23.6408189304132,13.15,11.7536706722717));
#3538=CARTESIAN_POINT('',(23.6408189304132,9.85,27.1206706722716));
#3539=CARTESIAN_POINT('',(23.6408189304132,9.85,11.7536706722717));
#3540=CARTESIAN_POINT('',(-10.0776810695867,9.85,12.4521706722717));
#3541=CARTESIAN_POINT('',(5.28931893041329,9.85,12.4521706722717));
#3542=CARTESIAN_POINT('',(-10.0776810695867,13.15,12.4521706722717));
#3543=CARTESIAN_POINT('',(5.28931893041329,13.15,12.4521706722717));
#3544=CARTESIAN_POINT('',(-9.37918106958673,18.1,12.4521706722717));
#3545=CARTESIAN_POINT('',(4.59081893041329,18.1,12.4521706722717));
#3546=CARTESIAN_POINT('',(-9.37918106958673,13.15,27.1206706722716));
#3547=CARTESIAN_POINT('',(-9.37918106958673,13.15,11.7536706722717));
#3548=CARTESIAN_POINT('',(-9.37918106958673,9.85,27.1206706722716));
#3549=CARTESIAN_POINT('',(-9.37918106958673,9.85,11.7536706722717));
#3550=CARTESIAN_POINT('',(-9.37918106958673,18.1,26.4221706722717));
#3551=CARTESIAN_POINT('',(-10.0776810695867,9.85,26.4221706722717));
#3552=CARTESIAN_POINT('',(5.28931893041329,9.85,26.4221706722717));
#3553=CARTESIAN_POINT('',(-10.0776810695867,13.15,26.4221706722717));
#3554=CARTESIAN_POINT('',(5.28931893041329,13.15,26.4221706722717));
#3555=CARTESIAN_POINT('',(4.59081893041329,18.1,26.4221706722717));
#3556=CARTESIAN_POINT('',(4.59081893041329,9.85,27.1206706722716));
#3557=CARTESIAN_POINT('',(4.59081893041329,13.15,27.1206706722716));
#3558=CARTESIAN_POINT('',(4.59081893041329,9.85,11.7536706722717));
#3559=CARTESIAN_POINT('',(4.59081893041329,13.15,11.7536706722717));
#3560=CARTESIAN_POINT('',(-29.1276810695868,9.85,12.4521706722717));
#3561=CARTESIAN_POINT('',(-13.7606810695867,9.85,12.4521706722717));
#3562=CARTESIAN_POINT('',(-29.1276810695868,13.15,12.4521706722717));
#3563=CARTESIAN_POINT('',(-13.7606810695867,13.15,12.4521706722717));
#3564=CARTESIAN_POINT('',(-28.4291810695868,18.1,12.4521706722717));
#3565=CARTESIAN_POINT('',(-14.4591810695867,18.1,12.4521706722717));
#3566=CARTESIAN_POINT('',(-28.4291810695868,13.15,27.1206706722716));
#3567=CARTESIAN_POINT('',(-28.4291810695868,13.15,11.7536706722717));
#3568=CARTESIAN_POINT('',(-28.4291810695868,9.85,27.1206706722716));
#3569=CARTESIAN_POINT('',(-28.4291810695868,9.85,11.7536706722717));
#3570=CARTESIAN_POINT('',(-28.4291810695868,18.1,26.4221706722717));
#3571=CARTESIAN_POINT('',(-29.1276810695868,9.85,26.4221706722717));
#3572=CARTESIAN_POINT('',(-13.7606810695867,9.85,26.4221706722717));
#3573=CARTESIAN_POINT('',(-29.1276810695868,13.15,26.4221706722717));
#3574=CARTESIAN_POINT('',(-13.7606810695867,13.15,26.4221706722717));
#3575=CARTESIAN_POINT('',(-14.4591810695867,18.1,26.4221706722717));
#3576=CARTESIAN_POINT('',(-14.4591810695867,13.15,27.1206706722716));
#3577=CARTESIAN_POINT('',(-14.4591810695867,13.15,11.7536706722717));
#3578=CARTESIAN_POINT('',(-14.4591810695867,9.85,27.1206706722716));
#3579=CARTESIAN_POINT('',(-14.4591810695867,9.85,11.7536706722717));
#3580=CARTESIAN_POINT('',(9.67081893041328,9.85,-10.7560793277283));
#3581=CARTESIAN_POINT('',(9.67081893041328,9.85,-31.0345793277284));
#3582=CARTESIAN_POINT('',(9.67081893041328,13.15,-10.7560793277283));
#3583=CARTESIAN_POINT('',(9.67081893041328,13.15,-31.0345793277284));
#3584=CARTESIAN_POINT('',(9.67081893041328,18.1,-11.6778293277283));
#3585=CARTESIAN_POINT('',(9.67081893041328,18.1,-30.1128293277284));
#3586=CARTESIAN_POINT('',(23.6408189304132,9.85,-10.7560793277283));
#3587=CARTESIAN_POINT('',(23.6408189304132,9.85,-31.0345793277284));
#3588=CARTESIAN_POINT('',(23.6408189304132,13.15,-10.7560793277283));
#3589=CARTESIAN_POINT('',(23.6408189304132,13.15,-31.0345793277284));
#3590=CARTESIAN_POINT('',(23.6408189304132,18.1,-30.1128293277284));
#3591=CARTESIAN_POINT('',(23.6408189304132,18.1,-11.6778293277283));
#3592=CARTESIAN_POINT('',(8.97231893041328,9.85,-30.1128293277284));
#3593=CARTESIAN_POINT('',(24.3393189304132,9.85,-30.1128293277284));
#3594=CARTESIAN_POINT('',(8.97231893041328,13.15,-30.1128293277284));
#3595=CARTESIAN_POINT('',(24.3393189304132,13.15,-30.1128293277284));
#3596=CARTESIAN_POINT('',(8.97231893041328,9.85,-11.6778293277283));
#3597=CARTESIAN_POINT('',(24.3393189304132,9.85,-11.6778293277283));
#3598=CARTESIAN_POINT('',(8.97231893041328,13.15,-11.6778293277283));
#3599=CARTESIAN_POINT('',(24.3393189304132,13.15,-11.6778293277283));
#3600=CARTESIAN_POINT('',(32.9655120491982,13.,9.9024775534868));
#3601=CARTESIAN_POINT('',(32.9655120491982,10.,9.9024775534868));
#3602=CARTESIAN_POINT('',(32.9655120491982,13.,6.5024775534868));
#3603=CARTESIAN_POINT('',(32.9655120491982,10.,6.5024775534868));
#3604=CARTESIAN_POINT('',(36.3655120491982,13.,6.5024775534868));
#3605=CARTESIAN_POINT('',(36.3655120491982,10.,6.5024775534868));
#3606=CARTESIAN_POINT('',(36.3655120491982,13.,9.9024775534868));
#3607=CARTESIAN_POINT('',(36.3655120491982,10.,9.9024775534868));
#3608=CARTESIAN_POINT('',(34.6655120491982,13.,4.9024775534868));
#3609=CARTESIAN_POINT('',(34.6655120491982,10.,4.9024775534868));
#3610=CARTESIAN_POINT('',(44.6655120491982,13.,4.9024775534868));
#3611=CARTESIAN_POINT('',(44.6655120491981,10.,4.9024775534868));
#3612=CARTESIAN_POINT('',(44.6655120491982,13.,14.9024775534868));
#3613=CARTESIAN_POINT('',(44.6655120491981,10.,14.9024775534868));
#3614=CARTESIAN_POINT('',(34.6655120491982,13.,14.9024775534868));
#3615=CARTESIAN_POINT('',(34.6655120491982,10.,14.9024775534868));
#3616=CARTESIAN_POINT('',(-60.1844879508019,13.,9.90247755348681));
#3617=CARTESIAN_POINT('',(-60.1844879508019,10.,9.90247755348681));
#3618=CARTESIAN_POINT('',(-60.1844879508019,13.,6.50247755348681));
#3619=CARTESIAN_POINT('',(-60.1844879508019,10.,6.50247755348681));
#3620=CARTESIAN_POINT('',(-56.7844879508019,13.,6.50247755348681));
#3621=CARTESIAN_POINT('',(-56.7844879508019,10.,6.50247755348681));
#3622=CARTESIAN_POINT('',(-56.7844879508019,13.,9.90247755348681));
#3623=CARTESIAN_POINT('',(-56.7844879508019,10.,9.90247755348681));
#3624=CARTESIAN_POINT('',(-58.4844879508019,13.,14.9024775534868));
#3625=CARTESIAN_POINT('',(-58.4844879508019,10.,14.9024775534868));
#3626=CARTESIAN_POINT('',(-68.4844879508019,13.,14.9024775534868));
#3627=CARTESIAN_POINT('',(-68.4844879508019,10.,14.9024775534868));
#3628=CARTESIAN_POINT('',(-68.4844879508019,13.,4.90247755348681));
#3629=CARTESIAN_POINT('',(-68.4844879508019,10.,4.90247755348681));
#3630=CARTESIAN_POINT('',(-58.4844879508019,13.,4.90247755348681));
#3631=CARTESIAN_POINT('',(-58.4844879508019,10.,4.90247755348681));
#3632=CARTESIAN_POINT('',(0.,0.,0.));
#3633=CARTESIAN_POINT('',(36.3655120491982,10.,9.9024775534868));
#3634=CARTESIAN_POINT('',(36.3655120491982,-1.02999206386123E-15,9.9024775534868));
#3635=CARTESIAN_POINT('',(36.3655120491981,10.,13.3024775534868));
#3636=CARTESIAN_POINT('',(36.3655120491982,-1.38235776991902E-15,13.3024775534868));
#3637=CARTESIAN_POINT('',(32.9655120491981,10.,13.3024775534868));
#3638=CARTESIAN_POINT('',(32.9655120491982,-1.38235776991902E-15,13.3024775534868));
#3639=CARTESIAN_POINT('',(32.9655120491982,10.,9.9024775534868));
#3640=CARTESIAN_POINT('',(32.9655120491982,-1.02999206386123E-15,9.9024775534868));
#3641=CARTESIAN_POINT('',(34.6655120491982,10.,9.9024775534868));
#3642=CARTESIAN_POINT('',(32.9655120491982,10.,9.9024775534868));
#3643=CARTESIAN_POINT('',(36.3655120491982,10.,9.9024775534868));
#3644=CARTESIAN_POINT('',(36.3655120491982,10.5,9.9024775534868));
#3645=CARTESIAN_POINT('',(36.3655120491982,-0.5,9.9024775534868));
#3646=CARTESIAN_POINT('',(36.3655120491982,0.,9.9024775534868));
#3647=CARTESIAN_POINT('',(34.6655120491982,0.,9.9024775534868));
#3648=CARTESIAN_POINT('',(32.9655120491982,0.,9.9024775534868));
#3649=CARTESIAN_POINT('',(32.9655120491982,10.5,9.9024775534868));
#3650=CARTESIAN_POINT('',(32.9655120491982,-0.5,9.9024775534868));
#3651=CARTESIAN_POINT('',(-58.4844879508019,10.,14.9024775534868));
#3652=CARTESIAN_POINT('',(-58.4844879508019,-3.,14.9024775534868));
#3653=CARTESIAN_POINT('',(-61.8178212841352,10.,14.9024775534868));
#3654=CARTESIAN_POINT('',(-61.8178212841352,-3.,14.9024775534868));
#3655=CARTESIAN_POINT('',(-63.4844879508019,10.,12.4024775534868));
#3656=CARTESIAN_POINT('',(-63.4844879508019,-3.,12.4024775534868));
#3657=CARTESIAN_POINT('',(-63.4844879508019,10.,9.90247755348681));
#3658=CARTESIAN_POINT('',(-63.4844879508019,-3.,9.90247755348681));
#3659=CARTESIAN_POINT('',(-58.4844879508019,10.,9.90247755348681));
#3660=CARTESIAN_POINT('',(-63.4844879508019,10.,9.90247755348681));
#3661=CARTESIAN_POINT('',(-58.4844879508019,10.,14.9024775534868));
#3662=CARTESIAN_POINT('',(-63.4844879508019,10.65,9.90247755348681));
#3663=CARTESIAN_POINT('',(-63.4844879508019,-3.65,9.90247755348681));
#3664=CARTESIAN_POINT('',(-63.4844879508019,-3.,9.90247755348681));
#3665=CARTESIAN_POINT('',(-58.4844879508019,-3.,9.90247755348681));
#3666=CARTESIAN_POINT('',(-58.4844879508019,-3.,14.9024775534868));
#3667=CARTESIAN_POINT('',(-58.4844879508019,10.,14.9024775534868));
#3668=CARTESIAN_POINT('',(-56.7844879508019,10.,9.90247755348681));
#3669=CARTESIAN_POINT('',(-56.7844879508019,1.62630325872826E-16,9.90247755348681));
#3670=CARTESIAN_POINT('',(-56.7844879508019,10.,13.3024775534868));
#3671=CARTESIAN_POINT('',(-56.7844879508019,-2.43945488809238E-16,13.3024775534868));
#3672=CARTESIAN_POINT('',(-60.1844879508019,10.,13.3024775534868));
#3673=CARTESIAN_POINT('',(-60.1844879508019,-2.43945488809238E-16,13.3024775534868));
#3674=CARTESIAN_POINT('',(-60.1844879508019,10.,9.90247755348681));
#3675=CARTESIAN_POINT('',(-60.1844879508019,1.62630325872826E-16,9.90247755348681));
#3676=CARTESIAN_POINT('',(-58.4844879508019,10.,9.90247755348681));
#3677=CARTESIAN_POINT('',(-60.1844879508019,10.,9.90247755348681));
#3678=CARTESIAN_POINT('',(-56.7844879508019,10.,9.90247755348681));
#3679=CARTESIAN_POINT('',(-56.7844879508019,10.5,9.90247755348681));
#3680=CARTESIAN_POINT('',(-56.7844879508019,-0.5,9.90247755348681));
#3681=CARTESIAN_POINT('',(-56.7844879508019,0.,9.90247755348681));
#3682=CARTESIAN_POINT('',(-58.4844879508019,0.,9.90247755348681));
#3683=CARTESIAN_POINT('',(-60.1844879508019,0.,9.90247755348681));
#3684=CARTESIAN_POINT('',(-60.1844879508019,10.5,9.90247755348681));
#3685=CARTESIAN_POINT('',(-60.1844879508019,-0.5,9.90247755348681));
#3686=CARTESIAN_POINT('',(-63.4844879508019,10.65,9.90247755348681));
#3687=CARTESIAN_POINT('',(-63.4844879508019,-3.65,9.90247755348681));
#3688=CARTESIAN_POINT('',(-63.4844879508019,10.65,-0.0975224465131867));
#3689=CARTESIAN_POINT('',(-63.4844879508019,-3.65,-0.0975224465131867));
#3690=CARTESIAN_POINT('',(-53.4844879508019,10.65,-0.0975224465131885));
#3691=CARTESIAN_POINT('',(-53.4844879508019,-3.65,-0.0975224465131885));
#3692=CARTESIAN_POINT('',(-53.4844879508019,10.65,9.90247755348681));
#3693=CARTESIAN_POINT('',(-53.4844879508019,-3.65,9.90247755348681));
#3694=CARTESIAN_POINT('',(-53.4844879508019,10.65,19.9024775534868));
#3695=CARTESIAN_POINT('',(-53.4844879508019,-3.65,19.9024775534868));
#3696=CARTESIAN_POINT('',(-63.4844879508019,10.65,19.9024775534868));
#3697=CARTESIAN_POINT('',(-63.4844879508019,-3.65,19.9024775534868));
#3698=CARTESIAN_POINT('',(-63.4844879508019,10.65,9.90247755348681));
#3699=CARTESIAN_POINT('',(-63.4844879508019,-3.65,9.90247755348681));
#3700=CARTESIAN_POINT('',(-54.4844879508019,10.,6.90247755348681));
#3701=CARTESIAN_POINT('',(-54.4844879508019,10.,6.90247755348681));
#3702=CARTESIAN_POINT('',(-54.4844879508018,1.5,6.90247755348683));
#3703=CARTESIAN_POINT('',(-58.4844879508019,10.,9.90247755348681));
#3704=CARTESIAN_POINT('',(-53.4844879508019,10.,9.90247755348681));
#3705=CARTESIAN_POINT('',(-58.4844879508019,10.,9.90247755348681));
#3706=CARTESIAN_POINT('',(-54.4844879508019,10.,12.9024775534868));
#3707=CARTESIAN_POINT('',(-54.4844879508019,10.,12.9024775534868));
#3708=CARTESIAN_POINT('',(-54.4844879508018,1.5,12.9024775534868));
#3709=CARTESIAN_POINT('',(-58.4844879508019,1.5,9.90247755348681));
#3710=CARTESIAN_POINT('',(-53.4844879508019,1.5,9.90247755348681));
#3711=CARTESIAN_POINT('',(-58.4844879508019,1.5,9.90247755348681));
#3712=CARTESIAN_POINT('',(-60.1844879508019,10.,9.90247755348681));
#3713=CARTESIAN_POINT('',(-60.1844879508019,1.62630325872826E-16,9.90247755348681));
#3714=CARTESIAN_POINT('',(-60.1844879508019,10.,6.50247755348681));
#3715=CARTESIAN_POINT('',(-60.1844879508019,-1.62630325872826E-16,6.50247755348681));
#3716=CARTESIAN_POINT('',(-56.7844879508019,10.,6.50247755348681));
#3717=CARTESIAN_POINT('',(-56.7844879508019,-1.62630325872826E-16,6.50247755348681));
#3718=CARTESIAN_POINT('',(-56.7844879508019,10.,9.90247755348681));
#3719=CARTESIAN_POINT('',(-56.7844879508019,1.62630325872826E-16,9.90247755348681));
#3720=CARTESIAN_POINT('',(-58.4844879508019,10.,9.90247755348681));
#3721=CARTESIAN_POINT('',(-58.4844879508019,0.,9.90247755348681));
#3722=CARTESIAN_POINT('',(-63.4844879508019,10.,9.90247755348681));
#3723=CARTESIAN_POINT('',(-63.4844879508019,-3.,9.90247755348681));
#3724=CARTESIAN_POINT('',(-63.4844879508019,10.,7.40247755348681));
#3725=CARTESIAN_POINT('',(-63.4844879508019,-3.,7.40247755348681));
#3726=CARTESIAN_POINT('',(-61.8178212841352,10.,4.90247755348681));
#3727=CARTESIAN_POINT('',(-61.8178212841352,-3.,4.90247755348681));
#3728=CARTESIAN_POINT('',(-58.4844879508019,10.,4.90247755348681));
#3729=CARTESIAN_POINT('',(-58.4844879508019,-3.,4.90247755348681));
#3730=CARTESIAN_POINT('',(-58.4844879508019,10.,9.90247755348681));
#3731=CARTESIAN_POINT('',(-58.4844879508019,10.,4.90247755348681));
#3732=CARTESIAN_POINT('',(-58.4844879508019,10.,4.90247755348681));
#3733=CARTESIAN_POINT('',(-58.4844879508019,-3.,4.90247755348681));
#3734=CARTESIAN_POINT('',(-58.4844879508019,-3.,9.90247755348681));
#3735=CARTESIAN_POINT('',(-69.3227779508019,10.,61.1349775534868));
#3736=CARTESIAN_POINT('',(-69.3227779508019,10.,-41.3300224465132));
#3737=CARTESIAN_POINT('',(45.5038020491982,10.,61.1349775534868));
#3738=CARTESIAN_POINT('',(45.5038020491982,10.,-41.3300224465132));
#3739=CARTESIAN_POINT('',(-54.4844879508019,10.,9.90247755348681));
#3740=CARTESIAN_POINT('',(-54.4844879508019,10.,-32.6725224465131));
#3741=CARTESIAN_POINT('',(-11.9094879508018,10.,-32.6725224465131));
#3742=CARTESIAN_POINT('',(7.66551204919815,10.,-32.6725224465132));
#3743=CARTESIAN_POINT('',(7.66551204919815,10.,9.90247755348681));
#3744=CARTESIAN_POINT('',(7.66551204919815,10.,-36.6725224465132));
#3745=CARTESIAN_POINT('',(-9.40948795080185,10.,-36.6725224465132));
#3746=CARTESIAN_POINT('',(-58.4844879508019,10.,-36.6725224465132));
#3747=CARTESIAN_POINT('',(-58.4844879508019,10.,12.4024775534868));
#3748=CARTESIAN_POINT('',(-58.4844879508019,10.,12.4024775534868));
#3749=CARTESIAN_POINT('',(-58.4844879508019,10.,56.4774775534868));
#3750=CARTESIAN_POINT('',(-14.4094879508018,10.,56.4774775534868));
#3751=CARTESIAN_POINT('',(34.6655120491982,10.,56.4774775534868));
#3752=CARTESIAN_POINT('',(34.6655120491982,10.,7.40247755348682));
#3753=CARTESIAN_POINT('',(34.6655120491982,10.,14.9024775534868));
#3754=CARTESIAN_POINT('',(34.6655120491982,10.,9.9024775534868));
#3755=CARTESIAN_POINT('',(39.6655120491981,10.,9.9024775534868));
#3756=CARTESIAN_POINT('',(34.6655120491982,10.,9.9024775534868));
#3757=CARTESIAN_POINT('',(34.6655120491982,10.,4.9024775534868));
#3758=CARTESIAN_POINT('',(34.6655120491982,10.,7.40247755348682));
#3759=CARTESIAN_POINT('',(34.6655120491982,10.,-36.6725224465132));
#3760=CARTESIAN_POINT('',(-9.40948795080185,10.,-36.6725224465132));
#3761=CARTESIAN_POINT('',(25.6655120491981,10.,-36.6725224465132));
#3762=CARTESIAN_POINT('',(25.6655120491981,10.,9.90247755348681));
#3763=CARTESIAN_POINT('',(25.6655120491981,10.,-32.6725224465131));
#3764=CARTESIAN_POINT('',(-11.9094879508018,10.,-32.6725224465131));
#3765=CARTESIAN_POINT('',(30.6655120491981,10.,-32.6725224465132));
#3766=CARTESIAN_POINT('',(30.6655120491981,10.,9.90247755348681));
#3767=CARTESIAN_POINT('',(30.6655120491981,10.,6.9024775534868));
#3768=CARTESIAN_POINT('',(34.6655120491982,10.,9.9024775534868));
#3769=CARTESIAN_POINT('',(30.6655120491981,10.,12.9024775534868));
#3770=CARTESIAN_POINT('',(30.6655120491981,10.,9.90247755348681));
#3771=CARTESIAN_POINT('',(30.6655120491981,10.,52.4774775534868));
#3772=CARTESIAN_POINT('',(-11.9094879508018,10.,52.4774775534868));
#3773=CARTESIAN_POINT('',(-54.4844879508019,10.,52.4774775534868));
#3774=CARTESIAN_POINT('',(-54.4844879508019,10.,9.90247755348681));
#3775=CARTESIAN_POINT('',(34.6655120491982,10.,9.9024775534868));
#3776=CARTESIAN_POINT('',(32.9655120491982,10.,9.9024775534868));
#3777=CARTESIAN_POINT('',(32.9655120491982,1.62630325872826E-16,9.9024775534868));
#3778=CARTESIAN_POINT('',(32.9655120491982,10.,6.5024775534868));
#3779=CARTESIAN_POINT('',(32.9655120491982,-2.43945488809238E-16,6.5024775534868));
#3780=CARTESIAN_POINT('',(36.3655120491981,10.,6.5024775534868));
#3781=CARTESIAN_POINT('',(36.3655120491982,-2.43945488809238E-16,6.5024775534868));
#3782=CARTESIAN_POINT('',(36.3655120491982,10.,9.9024775534868));
#3783=CARTESIAN_POINT('',(36.3655120491982,1.62630325872826E-16,9.9024775534868));
#3784=CARTESIAN_POINT('',(34.6655120491982,0.,9.9024775534868));
#3785=CARTESIAN_POINT('',(31.2985069900406,10.425,13.5988645640158));
#3786=CARTESIAN_POINT('',(31.2985069900406,1.075,13.5988645640158));
#3787=CARTESIAN_POINT('',(28.9696736596038,10.425,11.4775516216263));
#3788=CARTESIAN_POINT('',(28.9696736596038,1.075,11.4775516216263));
#3789=CARTESIAN_POINT('',(28.9696736596038,10.425,8.32740348534729));
#3790=CARTESIAN_POINT('',(28.9696736596038,1.075,8.32740348534729));
#3791=CARTESIAN_POINT('',(31.2985069900406,10.425,6.20609054295784));
#3792=CARTESIAN_POINT('',(31.2985069900406,1.075,6.20609054295784));
#3793=CARTESIAN_POINT('',(30.6655120491981,10.,6.9024775534868));
#3794=CARTESIAN_POINT('',(30.6655120491981,1.5,6.90247755348681));
#3795=CARTESIAN_POINT('',(34.6655120491982,1.5,9.9024775534868));
#3796=CARTESIAN_POINT('',(30.6655120491981,1.5,12.9024775534868));
#3797=CARTESIAN_POINT('',(30.6655120491981,10.,12.9024775534868));
#3798=CARTESIAN_POINT('',(34.6655120491982,-3.,14.9024775534868));
#3799=CARTESIAN_POINT('',(34.6655120491982,10.,14.9024775534868));
#3800=CARTESIAN_POINT('',(44.6655120491981,-3.,14.9024775534868));
#3801=CARTESIAN_POINT('',(44.6655120491981,10.,14.9024775534868));
#3802=CARTESIAN_POINT('',(44.6655120491981,-3.,4.9024775534868));
#3803=CARTESIAN_POINT('',(44.6655120491981,10.,4.9024775534868));
#3804=CARTESIAN_POINT('',(34.6655120491982,-3.,4.9024775534868));
#3805=CARTESIAN_POINT('',(34.6655120491982,10.,4.9024775534868));
#3806=CARTESIAN_POINT('',(34.6655120491982,-3.,14.9024775534868));
#3807=CARTESIAN_POINT('',(34.6655120491982,-3.,14.9024775534868));
#3808=CARTESIAN_POINT('',(34.6655120491982,-3.,9.9024775534868));
#3809=CARTESIAN_POINT('',(39.6655120491981,-3.,9.9024775534868));
#3810=CARTESIAN_POINT('',(34.6655120491982,-3.,9.9024775534868));
#3811=CARTESIAN_POINT('',(34.6655120491982,-3.,4.9024775534868));
#3812=CARTESIAN_POINT('',(34.6655120491982,-3.,4.9024775534868));
#3813=CARTESIAN_POINT('',(32.9348060240551,0.,11.6361727187009));
#3814=CARTESIAN_POINT('',(32.9348060240551,0.,8.17611372171047));
#3815=CARTESIAN_POINT('',(36.3859735165449,0.,11.6361727187009));
#3816=CARTESIAN_POINT('',(36.3859735165449,0.,8.17611372171047));
#3817=CARTESIAN_POINT('',(25.6655120491981,-0.5,-32.4725224465131));
#3818=CARTESIAN_POINT('',(25.6655120491981,-0.5,-36.8725224465132));
#3819=CARTESIAN_POINT('',(25.6655120491981,10.5,-32.4725224465131));
#3820=CARTESIAN_POINT('',(25.6655120491981,10.5,-36.8725224465132));
#3821=CARTESIAN_POINT('',(25.6655120491981,42.1,-36.6725224465132));
#3822=CARTESIAN_POINT('',(25.6655120491981,0.,-36.6725224465132));
#3823=CARTESIAN_POINT('',(25.6655120491981,0.,-34.6725224465131));
#3824=CARTESIAN_POINT('',(25.6655120491981,0.,-32.6725224465131));
#3825=CARTESIAN_POINT('',(25.6655120491981,42.1,-32.6725224465131));
#3826=CARTESIAN_POINT('',(7.66551204919815,-0.5,-32.4725224465132));
#3827=CARTESIAN_POINT('',(7.66551204919815,-0.5,-36.8725224465132));
#3828=CARTESIAN_POINT('',(7.66551204919815,10.5,-32.4725224465132));
#3829=CARTESIAN_POINT('',(7.66551204919815,10.5,-36.8725224465132));
#3830=CARTESIAN_POINT('',(7.66551204919815,42.1,-32.6725224465132));
#3831=CARTESIAN_POINT('',(7.66551204919815,0.,-32.6725224465132));
#3832=CARTESIAN_POINT('',(7.66551204919815,0.,-34.6725224465132));
#3833=CARTESIAN_POINT('',(7.66551204919815,0.,-36.6725224465132));
#3834=CARTESIAN_POINT('',(7.66551204919815,42.1,-36.6725224465132));
#3835=CARTESIAN_POINT('',(-54.5844879508019,1.5,56.7349775534868));
#3836=CARTESIAN_POINT('',(-54.5844879508019,1.5,-36.9300224465132));
#3837=CARTESIAN_POINT('',(-52.3844879508018,1.5,56.7349775534868));
#3838=CARTESIAN_POINT('',(-52.3844879508018,1.5,-36.9300224465132));
#3839=CARTESIAN_POINT('',(-54.4844879508018,1.5,9.90247755348683));
#3840=CARTESIAN_POINT('',(-54.4844879508018,1.5,52.4774775534868));
#3841=CARTESIAN_POINT('',(-11.9094879508018,1.5,52.4774775534868));
#3842=CARTESIAN_POINT('',(-52.4844879508018,1.5,52.4774775534868));
#3843=CARTESIAN_POINT('',(-52.4844879508018,1.5,9.90247755348681));
#3844=CARTESIAN_POINT('',(-52.4844879508018,1.5,-32.6725224465132));
#3845=CARTESIAN_POINT('',(-23.4094879508019,1.5,-32.6725224465132));
#3846=CARTESIAN_POINT('',(-54.4844879508019,1.5,-32.6725224465131));
#3847=CARTESIAN_POINT('',(-54.4844879508018,1.5,9.90247755348683));
#3848=CARTESIAN_POINT('',(-52.4844879508018,-0.075,56.7349775534868));
#3849=CARTESIAN_POINT('',(-52.4844879508018,1.575,56.7349775534868));
#3850=CARTESIAN_POINT('',(-52.4844879508018,-0.075,-36.9300224465132));
#3851=CARTESIAN_POINT('',(-52.4844879508018,1.575,-36.9300224465132));
#3852=CARTESIAN_POINT('',(-52.4844879508018,0.,9.90247755348681));
#3853=CARTESIAN_POINT('',(-52.4844879508018,0.,-32.6725224465132));
#3854=CARTESIAN_POINT('',(-52.4844879508018,0.,52.4774775534868));
#3855=CARTESIAN_POINT('',(-52.4844879508018,1.5,-32.6725224465132));
#3856=CARTESIAN_POINT('',(-52.4844879508018,1.5,52.4774775534868));
#3857=CARTESIAN_POINT('',(28.5655120491981,1.5,56.7349775534868));
#3858=CARTESIAN_POINT('',(28.5655120491981,1.5,-36.9300224465132));
#3859=CARTESIAN_POINT('',(30.7655120491981,1.5,56.7349775534868));
#3860=CARTESIAN_POINT('',(30.7655120491981,1.5,-36.9300224465132));
#3861=CARTESIAN_POINT('',(30.6655120491981,1.5,9.90247755348679));
#3862=CARTESIAN_POINT('',(30.6655120491981,1.5,52.4774775534868));
#3863=CARTESIAN_POINT('',(30.6655120491981,1.5,9.90247755348679));
#3864=CARTESIAN_POINT('',(30.6655120491981,1.5,-32.6725224465132));
#3865=CARTESIAN_POINT('',(28.1655120491981,1.5,-32.6725224465132));
#3866=CARTESIAN_POINT('',(28.6655120491981,1.5,-32.6725224465132));
#3867=CARTESIAN_POINT('',(28.6655120491981,1.5,9.90247755348681));
#3868=CARTESIAN_POINT('',(28.6655120491981,1.5,52.4774775534868));
#3869=CARTESIAN_POINT('',(-11.9094879508018,1.5,52.4774775534868));
#3870=CARTESIAN_POINT('',(28.6655120491982,-0.075,56.7349775534868));
#3871=CARTESIAN_POINT('',(28.6655120491982,1.575,56.7349775534868));
#3872=CARTESIAN_POINT('',(28.6655120491981,-0.075,-36.9300224465132));
#3873=CARTESIAN_POINT('',(28.6655120491981,1.575,-36.9300224465132));
#3874=CARTESIAN_POINT('',(28.6655120491981,0.,9.90247755348681));
#3875=CARTESIAN_POINT('',(28.6655120491981,0.,-32.6725224465132));
#3876=CARTESIAN_POINT('',(28.6655120491981,0.,52.4774775534868));
#3877=CARTESIAN_POINT('',(28.6655120491981,1.5,52.4774775534868));
#3878=CARTESIAN_POINT('',(28.6655120491981,1.5,-32.6725224465132));
#3879=CARTESIAN_POINT('',(-69.3227779508019,-3.,61.1349775534868));
#3880=CARTESIAN_POINT('',(-69.3227779508019,-3.,-41.3300224465132));
#3881=CARTESIAN_POINT('',(45.5038020491982,-3.,61.1349775534868));
#3882=CARTESIAN_POINT('',(45.5038020491982,-3.,-41.3300224465132));
#3883=CARTESIAN_POINT('',(-58.4844879508019,-3.,12.4024775534868));
#3884=CARTESIAN_POINT('',(-58.4844879508019,-3.,56.4774775534868));
#3885=CARTESIAN_POINT('',(-58.4844879508019,-3.,12.4024775534868));
#3886=CARTESIAN_POINT('',(-58.4844879508019,-3.,-36.6725224465132));
#3887=CARTESIAN_POINT('',(-9.40948795080185,-3.,-36.6725224465132));
#3888=CARTESIAN_POINT('',(34.6655120491982,-3.,-36.6725224465132));
#3889=CARTESIAN_POINT('',(34.6655120491982,-3.,7.40247755348682));
#3890=CARTESIAN_POINT('',(34.6655120491982,-3.,7.40247755348682));
#3891=CARTESIAN_POINT('',(34.6655120491982,-3.,56.4774775534868));
#3892=CARTESIAN_POINT('',(-14.4094879508018,-3.,56.4774775534868));
#3893=CARTESIAN_POINT('',(-63.1419879508019,10.65,56.4774775534868));
#3894=CARTESIAN_POINT('',(39.3230120491982,10.65,56.4774775534868));
#3895=CARTESIAN_POINT('',(-63.1419879508019,-3.65,56.4774775534868));
#3896=CARTESIAN_POINT('',(39.3230120491982,-3.65,56.4774775534868));
#3897=CARTESIAN_POINT('',(34.6655120491982,-3.,56.4774775534868));
#3898=CARTESIAN_POINT('',(-58.4844879508019,-3.,56.4774775534868));
#3899=CARTESIAN_POINT('',(-63.1419879508019,10.65,-36.6725224465132));
#3900=CARTESIAN_POINT('',(39.3230120491982,10.65,-36.6725224465132));
#3901=CARTESIAN_POINT('',(-63.1419879508019,-3.65,-36.6725224465132));
#3902=CARTESIAN_POINT('',(39.3230120491982,-3.65,-36.6725224465132));
#3903=CARTESIAN_POINT('',(16.6655120491981,0.,-36.6725224465132));
#3904=CARTESIAN_POINT('',(34.6655120491982,-3.,-36.6725224465132));
#3905=CARTESIAN_POINT('',(-58.4844879508019,-3.,-36.6725224465132));
#3906=CARTESIAN_POINT('',(-56.5419879508018,0.,56.9349775534868));
#3907=CARTESIAN_POINT('',(-56.5419879508018,0.,-41.1300224465132));
#3908=CARTESIAN_POINT('',(32.7230120491981,0.,56.9349775534868));
#3909=CARTESIAN_POINT('',(32.7230120491981,0.,-41.1300224465132));
#3910=CARTESIAN_POINT('',(-11.9094879508018,0.,-32.6725224465131));
#3911=CARTESIAN_POINT('',(-11.9094879508018,0.,52.4774775534868));
#3912=CARTESIAN_POINT('',(-11.9094879508018,0.,-32.6725224465131));
#3913=CARTESIAN_POINT('',(-58.7419879508019,10.5,52.4774775534868));
#3914=CARTESIAN_POINT('',(34.9230120491981,10.5,52.4774775534868));
#3915=CARTESIAN_POINT('',(-58.7419879508019,-0.5,52.4774775534868));
#3916=CARTESIAN_POINT('',(34.9230120491981,-0.5,52.4774775534868));
#3917=CARTESIAN_POINT('',(-54.4844879508019,0.,52.4774775534868));
#3918=CARTESIAN_POINT('',(30.6655120491981,0.,52.4774775534868));
#3919=CARTESIAN_POINT('',(-54.4844879508019,-5.42101086242752E-17,-32.6725224465131));
#3920=CARTESIAN_POINT('',(-54.4844879508019,10.,-32.6725224465131));
#3921=CARTESIAN_POINT('',(7.66551204919814,-5.42101086242752E-17,-32.6725224465132));
#3922=CARTESIAN_POINT('',(7.66551204919814,10.,-32.6725224465132));
#3923=CARTESIAN_POINT('',(-54.4844879508019,0.,-32.6725224465131));
#3924=CARTESIAN_POINT('',(25.6655120491981,-5.42101086242752E-17,-32.6725224465132));
#3925=CARTESIAN_POINT('',(25.6655120491981,10.,-32.6725224465132));
#3926=CARTESIAN_POINT('',(30.6655120491982,-5.42101086242752E-17,-32.6725224465132));
#3927=CARTESIAN_POINT('',(30.6655120491982,10.,-32.6725224465132));
#3928=CARTESIAN_POINT('',(30.6655120491981,0.,-32.6725224465132));
#3929=CARTESIAN_POINT('',(34.6655120491982,-3.65,61.1349775534868));
#3930=CARTESIAN_POINT('',(34.6655120491982,-3.65,-41.3300224465132));
#3931=CARTESIAN_POINT('',(34.6655120491982,10.65,61.1349775534868));
#3932=CARTESIAN_POINT('',(34.6655120491982,10.65,-41.3300224465132));
#3933=CARTESIAN_POINT('',(34.6655120491982,-3.65,61.1349775534868));
#3934=CARTESIAN_POINT('',(34.6655120491982,-3.65,-41.3300224465132));
#3935=CARTESIAN_POINT('',(34.6655120491982,10.65,61.1349775534868));
#3936=CARTESIAN_POINT('',(34.6655120491982,10.65,-41.3300224465132));
#3937=CARTESIAN_POINT('',(30.6655120491981,1.075,56.7349775534868));
#3938=CARTESIAN_POINT('',(30.6655120491981,1.075,-36.9300224465132));
#3939=CARTESIAN_POINT('',(30.6655120491981,10.425,56.7349775534868));
#3940=CARTESIAN_POINT('',(30.6655120491981,10.425,-36.9300224465132));
#3941=CARTESIAN_POINT('',(30.6655120491981,1.075,56.7349775534868));
#3942=CARTESIAN_POINT('',(30.6655120491981,1.075,-36.9300224465132));
#3943=CARTESIAN_POINT('',(30.6655120491981,10.425,56.7349775534868));
#3944=CARTESIAN_POINT('',(30.6655120491981,10.425,-36.9300224465132));
#3945=CARTESIAN_POINT('',(-58.4844879508019,-3.65,61.1349775534868));
#3946=CARTESIAN_POINT('',(-58.4844879508019,-3.65,-41.3300224465132));
#3947=CARTESIAN_POINT('',(-58.4844879508019,10.65,61.1349775534868));
#3948=CARTESIAN_POINT('',(-58.4844879508019,10.65,-41.3300224465132));
#3949=CARTESIAN_POINT('',(-58.4844879508019,-3.65,61.1349775534868));
#3950=CARTESIAN_POINT('',(-58.4844879508019,-3.65,-41.3300224465132));
#3951=CARTESIAN_POINT('',(-58.4844879508019,10.65,61.1349775534868));
#3952=CARTESIAN_POINT('',(-58.4844879508019,10.65,-41.3300224465132));
#3953=CARTESIAN_POINT('',(-54.4844879508019,1.075,56.7349775534868));
#3954=CARTESIAN_POINT('',(-54.4844879508019,1.075,-36.9300224465131));
#3955=CARTESIAN_POINT('',(-54.4844879508019,10.425,56.7349775534868));
#3956=CARTESIAN_POINT('',(-54.4844879508019,10.425,-36.9300224465131));
#3957=CARTESIAN_POINT('',(-54.4844879508019,1.075,56.7349775534868));
#3958=CARTESIAN_POINT('',(-54.4844879508019,1.075,-36.9300224465131));
#3959=CARTESIAN_POINT('',(-54.4844879508019,10.425,56.7349775534868));
#3960=CARTESIAN_POINT('',(-54.4844879508019,10.425,-36.9300224465131));
#3961=CARTESIAN_POINT('',(-60.215193975945,0.,11.6361727187009));
#3962=CARTESIAN_POINT('',(-60.215193975945,0.,8.17611372171048));
#3963=CARTESIAN_POINT('',(-56.7640264834551,0.,11.6361727187009));
#3964=CARTESIAN_POINT('',(-56.7640264834551,0.,8.17611372171048));
#3965=CARTESIAN_POINT('',(0.,0.,0.));
#3966=MECHANICAL_DESIGN_GEOMETRIC_PRESENTATION_REPRESENTATION('',(#2419,
#2420,#2421),#3967);
#3967=(
GEOMETRIC_REPRESENTATION_CONTEXT(3)
GLOBAL_UNCERTAINTY_ASSIGNED_CONTEXT((#3971))
GLOBAL_UNIT_ASSIGNED_CONTEXT((#3977,#3976,#3975))
REPRESENTATION_CONTEXT('Assembly 1','TOP_LEVEL_ASSEMBLY_PART')
);
#3968=(
GEOMETRIC_REPRESENTATION_CONTEXT(3)
GLOBAL_UNCERTAINTY_ASSIGNED_CONTEXT((#3972))
GLOBAL_UNIT_ASSIGNED_CONTEXT((#3977,#3976,#3975))
REPRESENTATION_CONTEXT('pcb','COMPONENT_PART')
);
#3969=(
GEOMETRIC_REPRESENTATION_CONTEXT(3)
GLOBAL_UNCERTAINTY_ASSIGNED_CONTEXT((#3973))
GLOBAL_UNIT_ASSIGNED_CONTEXT((#3977,#3976,#3975))
REPRESENTATION_CONTEXT('Part 2','COMPONENT_PART')
);
#3970=(
GEOMETRIC_REPRESENTATION_CONTEXT(3)
GLOBAL_UNCERTAINTY_ASSIGNED_CONTEXT((#3974))
GLOBAL_UNIT_ASSIGNED_CONTEXT((#3977,#3976,#3975))
REPRESENTATION_CONTEXT('Part 3','COMPONENT_PART')
);
#3971=UNCERTAINTY_MEASURE_WITH_UNIT(LENGTH_MEASURE(1.E-5),#3977,
'DISTANCE_ACCURACY_VALUE','Maximum Tolerance applied to model');
#3972=UNCERTAINTY_MEASURE_WITH_UNIT(LENGTH_MEASURE(1.E-5),#3977,
'DISTANCE_ACCURACY_VALUE','Maximum Tolerance applied to model');
#3973=UNCERTAINTY_MEASURE_WITH_UNIT(LENGTH_MEASURE(1.E-5),#3977,
'DISTANCE_ACCURACY_VALUE','Maximum Tolerance applied to model');
#3974=UNCERTAINTY_MEASURE_WITH_UNIT(LENGTH_MEASURE(1.E-5),#3977,
'DISTANCE_ACCURACY_VALUE','Maximum Tolerance applied to model');
#3975=(
NAMED_UNIT(*)
SI_UNIT($,.STERADIAN.)
SOLID_ANGLE_UNIT()
);
#3976=(
NAMED_UNIT(*)
PLANE_ANGLE_UNIT()
SI_UNIT($,.RADIAN.)
);
#3977=(
LENGTH_UNIT()
NAMED_UNIT(*)
SI_UNIT(.MILLI.,.METRE.)
);
#3978=PRODUCT_DEFINITION_SHAPE('','',#3985);
#3979=PRODUCT_DEFINITION_SHAPE('','',#3986);
#3980=PRODUCT_DEFINITION_SHAPE(' ','NAUO PRDDFN',#73);
#3981=PRODUCT_DEFINITION_SHAPE('','',#3987);
#3982=PRODUCT_DEFINITION_SHAPE(' ','NAUO PRDDFN',#74);
#3983=PRODUCT_DEFINITION_SHAPE('','',#3988);
#3984=PRODUCT_DEFINITION_SHAPE(' ','NAUO PRDDFN',#75);
#3985=PRODUCT_DEFINITION('','',#3993,#3989);
#3986=PRODUCT_DEFINITION('','',#3994,#3990);
#3987=PRODUCT_DEFINITION('','',#3995,#3991);
#3988=PRODUCT_DEFINITION('','',#3996,#3992);
#3989=PRODUCT_DEFINITION_CONTEXT('',#4014,'design');
#3990=PRODUCT_DEFINITION_CONTEXT('',#4014,'design');
#3991=PRODUCT_DEFINITION_CONTEXT('',#4014,'design');
#3992=PRODUCT_DEFINITION_CONTEXT('',#4014,'design');
#3993=PRODUCT_DEFINITION_FORMATION_WITH_SPECIFIED_SOURCE('','',#4001,
 .NOT_KNOWN.);
#3994=PRODUCT_DEFINITION_FORMATION_WITH_SPECIFIED_SOURCE('','',#4002,
 .NOT_KNOWN.);
#3995=PRODUCT_DEFINITION_FORMATION_WITH_SPECIFIED_SOURCE('','',#4003,
 .NOT_KNOWN.);
#3996=PRODUCT_DEFINITION_FORMATION_WITH_SPECIFIED_SOURCE('','',#4004,
 .NOT_KNOWN.);
#3997=PRODUCT_RELATED_PRODUCT_CATEGORY('','',(#4001));
#3998=PRODUCT_RELATED_PRODUCT_CATEGORY('','',(#4002));
#3999=PRODUCT_RELATED_PRODUCT_CATEGORY('','',(#4003));
#4000=PRODUCT_RELATED_PRODUCT_CATEGORY('','',(#4004));
#4001=PRODUCT('Assembly 1','Assembly 1','Assembly 1',(#4009));
#4002=PRODUCT('pcb','pcb','pcb',(#4010));
#4003=PRODUCT('Part 2','Part 2','Part 2',(#4011));
#4004=PRODUCT('Part 3','Part 3','Part 3',(#4012));
#4005=PRODUCT_CATEGORY('','');
#4006=PRODUCT_CATEGORY('','');
#4007=PRODUCT_CATEGORY('','');
#4008=PRODUCT_CATEGORY('','');
#4009=PRODUCT_CONTEXT('',#4014,'mechanical');
#4010=PRODUCT_CONTEXT('',#4014,'mechanical');
#4011=PRODUCT_CONTEXT('',#4014,'mechanical');
#4012=PRODUCT_CONTEXT('',#4014,'mechanical');
#4013=APPLICATION_PROTOCOL_DEFINITION('international standard',
'ap242_managed_model_based_3d_engineering',2020,#4014);
#4014=APPLICATION_CONTEXT('managed model based 3d engineering');
ENDSEC;
END-ISO-10303-21;
